occupation,age,gender,education,years_of_experience,current_salary,salary_10_years,salary_growth,growth_percentage
Business Analyst,36,Male,PhD,10,128296,231389,103093,80.35558396208768
Product Manager,40,Female,Master,10,152967,324179,171212,111.92740917975772
Product Manager,43,Other,PhD,20,217100,503443,286343,131.8945186549977
Designer,54,Male,Bachelor,11,100714,146239,45525,45.20225589292452
Consultant,63,Other,High School,27,120512,193422,72910,60.50019915029209
Data Engineer,24,Other,PhD,0,174448,501501,327053,187.478790241218
Product Manager,39,Other,High School,3,102971,176306,73335,71.21908110050403
Data Scientist,47,Male,Bachelor,20,145711,286635,140924,96.71472984194742
Business Analyst,29,Male,PhD,6,116591,222636,106045,90.95470490861216
Software Engineer,61,Female,PhD,3,160129,425255,265126,165.5702589786984
Designer,25,Female,Bachelor,1,88158,135602,47444,53.81701036774882
Data Scientist,31,Female,Bachelor,3,121260,238536,117276,96.71449777337952
Project Manager,61,Other,Bachelor,20,104031,165463,61432,59.051628841403044
Data Scientist,45,Male,Master,12,151925,340347,188422,124.0230376830673
Software Engineer,30,Other,High School,7,113835,219780,105945,93.0689155356437
Project Manager,32,Other,PhD,2,116966,224770,107804,92.16695449959818
Data Engineer,26,Male,Master,1,150453,386703,236250,157.0257821379434
Consultant,30,Other,PhD,7,144726,315357,170631,117.89934082334894
Software Engineer,44,Other,PhD,4,182994,510310,327316,178.86706667978186
Project Manager,56,Other,Bachelor,0,74220,118048,43828,59.051468606844516
Data Engineer,47,Male,High School,22,145296,269556,124260,85.5219689461513
Business Analyst,36,Male,Master,14,106234,179750,73516,69.20195041135607
Data Engineer,53,Other,Master,3,150293,341379,191086,127.142315344028
Business Analyst,36,Male,Master,10,101586,171885,70299,69.20146476876735
Business Analyst,43,Other,Master,1,94083,159190,65107,69.20166236195699
Consultant,49,Female,High School,27,111537,183419,71882,64.4467755094722
DevOps Engineer,32,Female,Bachelor,9,122389,240757,118368,96.7145740221752
Consultant,54,Female,Master,0,104455,202426,97971,93.79254224307118
Consultant,62,Male,PhD,2,114216,239707,125491,109.87164670448975
Project Manager,58,Male,Master,32,123028,214167,91139,74.07988425399095
Project Manager,53,Other,Master,31,134237,233680,99443,74.08017163673205
DevOps Engineer,33,Female,High School,6,106755,190282,83527,78.2417685354316
Software Engineer,38,Male,High School,16,147474,284726,137252,93.06860870390713
Designer,53,Male,Master,0,99503,155414,55911,56.19026562013205
Data Scientist,53,Female,High School,5,94519,163801,69282,73.2995482389784
DevOps Engineer,38,Other,Master,5,141360,316679,175319,124.02306168647425
DevOps Engineer,43,Female,Bachelor,10,143160,281617,138457,96.71486448728696
Software Engineer,27,Other,High School,4,129860,267148,137288,105.72000616048052
DevOps Engineer,24,Female,Master,2,145602,352358,206756,142.00079669235313
Business Analyst,54,Male,PhD,17,137596,241147,103551,75.25727492078258
Consultant,44,Female,High School,9,92484,152087,59603,64.44682323428917
Consultant,23,Male,PhD,0,129594,304272,174678,134.78864762257513
Product Manager,30,Other,High School,8,100407,171916,71509,71.21913810790085
Data Engineer,54,Female,PhD,23,227808,570712,342904,150.52324764714143
Software Engineer,61,Female,PhD,19,220124,584584,364460,165.57031491341243
Consultant,50,Male,Master,17,142397,285396,142999,100.42276171548559
Data Scientist,56,Female,Bachelor,15,152270,289883,137613,90.37433506271753
DevOps Engineer,35,Male,High School,4,94493,168426,73933,78.24177452298053
Project Manager,24,Other,PhD,0,114239,233812,119573,104.66915851854446
Data Engineer,43,Other,Bachelor,13,147504,304010,156506,106.10288534548215
Designer,29,Other,High School,2,81569,117757,36188,44.364893525726686
Product Manager,49,Male,Bachelor,14,134198,251908,117710,87.71367680591365
Product Manager,40,Male,PhD,3,135960,315284,179324,131.89467490438363
Software Engineer,65,Male,PhD,27,219518,582975,363457,165.57047713627128
Product Manager,62,Other,Bachelor,36,160276,291803,131527,82.06281664129376
Software Engineer,52,Male,Bachelor,2,129949,270330,140381,108.02776473847433
DevOps Engineer,42,Male,Master,0,127166,284881,157715,124.02293065756571
Data Scientist,52,Female,High School,21,132285,229249,96964,73.29931587103601
Project Manager,53,Female,Bachelor,14,108950,173287,64337,59.051858650757225
Data Scientist,63,Other,Master,1,123368,265849,142481,115.4926723299397
Project Manager,64,Male,High School,38,92280,137090,44810,48.558734286952756
Business Analyst,46,Other,Bachelor,23,114896,178429,63533,55.29609385879404
Business Analyst,41,Male,High School,0,58279,84826,26547,45.55157089174488
Data Engineer,49,Other,Master,1,129329,306168,176839,136.73576692002567
Business Analyst,46,Female,Master,21,131322,222199,90877,69.20165699578136
Designer,27,Female,High School,5,89831,129684,39853,44.36441762865826
Product Manager,65,Male,High School,4,90787,151423,60636,66.7892980272506
Designer,56,Female,High School,15,99674,136974,37300,37.42199570600157
Data Engineer,40,Other,High School,4,98905,183490,84585,85.52145998685607
Business Analyst,33,Male,Master,4,88611,149931,61320,69.20134069133628
Software Engineer,53,Female,Master,29,185251,443408,258157,139.35525314303297
Consultant,22,Male,PhD,0,153909,361361,207452,134.78873880020012
Business Analyst,26,Other,PhD,4,118350,225995,107645,90.9547950992818
Data Engineer,50,Female,High School,13,115371,214038,98667,85.52149153600125
Software Engineer,26,Female,Bachelor,3,128936,299683,170747,132.42771607619284
Product Manager,51,Male,Master,4,126651,258854,132203,104.38370008922155
Designer,52,Female,High School,9,84691,116384,31693,37.42192204602614
Software Engineer,25,Male,PhD,3,172668,530562,357894,207.2729168114532
Business Analyst,49,Male,Bachelor,26,113705,176580,62875,55.29660085308473
Data Scientist,54,Male,Master,11,149503,322168,172665,115.49266569901609
Software Engineer,64,Female,PhD,28,206578,548610,342032,165.57038987694722
Data Scientist,56,Other,High School,22,114501,198429,83928,73.29892315350958
Project Manager,31,Female,High School,9,79235,120137,40902,51.62112702719758
Data Engineer,25,Other,High School,1,113990,224497,110507,96.94446881305377
Project Manager,42,Male,PhD,3,107094,205799,98705,92.16669467944048
Consultant,56,Other,PhD,17,155099,325510,170411,109.87240407739574
Project Manager,53,Female,Master,4,95212,165745,70533,74.07994790572617
Business Analyst,46,Other,High School,2,61037,88840,27803,45.551059193603884
Software Engineer,41,Female,High School,15,132266,255364,123098,93.0685134501686
Data Engineer,62,Male,High School,18,115969,208787,92818,80.03690641464529
Business Analyst,52,Female,PhD,19,137381,240770,103389,75.25713162664415
Product Manager,33,Other,High School,8,104641,179165,74524,71.21873835303562
Product Manager,44,Male,PhD,15,194948,452074,257126,131.89465908857747
Product Manager,60,Female,Bachelor,13,129467,235712,106245,82.0633829470058
Product Manager,50,Other,Master,10,157424,333624,176200,111.92702510417725
Consultant,65,Female,Bachelor,16,111818,194653,82835,74.08020175642562
Business Analyst,61,Male,Bachelor,8,87970,133701,45731,51.98476753438672
Data Scientist,58,Male,High School,18,122765,212751,89986,73.2993931495133
Software Engineer,28,Male,Bachelor,0,134425,312441,178016,132.4277478147666
DevOps Engineer,40,Other,Bachelor,11,135767,267074,131307,96.71496018914758
Data Engineer,24,Female,Master,0,139703,359072,219369,157.02526073169508
DevOps Engineer,62,Male,PhD,38,220544,521031,300487,136.24809561810795
Consultant,46,Male,Master,23,162225,325136,162911,100.42286947141316
Product Manager,65,Female,Bachelor,31,149696,272541,122845,82.06298097477554
Product Manager,42,Female,PhD,10,188045,436066,248021,131.89449333936025
DevOps Engineer,41,Other,Master,17,165072,369799,204727,124.02285063487449
Software Engineer,52,Other,Bachelor,0,116908,243201,126293,108.02767988503781
Designer,32,Other,Master,9,131202,209678,78476,59.81311260499078
Project Manager,29,Male,Bachelor,1,84161,143759,59598,70.8142726440988
Project Manager,49,Female,Bachelor,27,113825,185408,71583,62.88864484954975
DevOps Engineer,38,Other,PhD,8,165697,408763,243066,146.69306022438548
DevOps Engineer,34,Male,High School,2,103512,184501,80989,78.24117010588144
Data Scientist,46,Male,Master,1,123404,276453,153049,124.0227221159768
Data Scientist,26,Male,Master,0,153261,370892,217631,142.0002479430514
Data Scientist,32,Other,PhD,4,168385,415394,247009,146.69299521928914
Consultant,48,Other,Bachelor,16,133885,239767,105882,79.08428875527504
Data Scientist,22,Other,High School,0,92846,175022,82176,88.50785171143613
Business Analyst,26,Male,Bachelor,4,97950,158792,60842,62.11536498213375
Product Manager,58,Male,Master,9,151123,308871,157748,104.38384627091838
Software Engineer,30,Female,High School,0,113487,219108,105621,93.06880964339528
DevOps Engineer,61,Male,Bachelor,31,138268,263226,124958,90.37376688749386
Project Manager,55,Female,Master,2,97134,169091,71957,74.08013671834784
Software Engineer,51,Male,Bachelor,29,174344,362685,188341,108.02838067269307
Software Engineer,44,Other,PhD,14,219165,611179,392014,178.8670636278603
Data Scientist,60,Other,Master,37,190586,410699,220113,115.49274343341065
Data Scientist,55,Female,Bachelor,17,139751,266050,126299,90.37430859170954
Data Engineer,59,Female,Master,32,206309,468615,262306,127.14229626434135
Business Analyst,38,Other,Bachelor,4,85802,133247,47445,55.29591384816205
Project Manager,38,Female,High School,4,82099,124479,42380,51.62060439225813
Product Manager,64,Male,Bachelor,10,109546,199443,89897,82.06324283862487
Consultant,37,Other,Master,14,143010,286625,143615,100.42304733934691
Project Manager,24,Male,PhD,2,123928,253643,129715,104.66964689174358
Data Scientist,40,Female,High School,4,99807,177897,78090,78.24100513992005
Designer,22,Female,High School,0,81622,117833,36211,44.364264536522015
Data Scientist,47,Female,High School,12,114038,203263,89225,78.2414633718585
Consultant,43,Male,Master,14,146260,293138,146878,100.4225352112676
Software Engineer,29,Male,Bachelor,0,134568,312774,178206,132.4282147315855
DevOps Engineer,43,Other,Master,13,170253,381406,211153,124.02307154646321
Business Analyst,47,Female,Bachelor,13,89599,139144,49545,55.296376075625844
Data Engineer,44,Other,Master,13,182560,432185,249625,136.73586765994742
Data Scientist,56,Female,Bachelor,14,125653,239211,113558,90.37428473653634
Business Analyst,60,Female,High School,16,76835,109792,32957,42.89321272857421
Consultant,41,Male,High School,3,83114,136678,53564,64.4464229852973
Consultant,57,Female,High School,21,111845,179512,67667,60.500692923241985
Project Manager,65,Male,PhD,18,136152,253483,117331,86.1764792290969
Product Manager,55,Female,Bachelor,5,114286,208073,93787,82.0634198414504
Software Engineer,42,Female,High School,5,111362,215005,103643,93.06855121136473
DevOps Engineer,51,Other,Bachelor,23,159600,303837,144237,90.37406015037594
Business Analyst,52,Other,Master,7,101309,167076,65767,64.91723341460285
Project Manager,23,Female,Master,1,120181,227723,107542,89.48336259475292
DevOps Engineer,51,Female,Master,23,189057,407404,218347,115.49268210116526
Consultant,32,Other,Bachelor,7,107793,193040,85247,79.08398504541111
Product Manager,25,Female,Bachelor,2,115158,229729,114571,99.49026554820334
DevOps Engineer,22,Other,High School,0,105125,198169,93044,88.50796670630203
Designer,32,Female,High School,3,75313,105214,29901,39.702309030313494
Data Engineer,31,Female,High School,4,98277,182325,84048,85.5215360664245
Data Scientist,41,Female,High School,0,88480,157708,69228,78.24141048824593
Consultant,32,Male,High School,7,94008,154593,60585,64.44664283890734
Data Engineer,26,Other,Bachelor,3,146561,323815,177254,120.94213330967993
Product Manager,30,Other,PhD,1,135367,313908,178541,131.89403621266632
Data Engineer,50,Female,High School,7,121117,224698,103581,85.52143794843003
Product Manager,56,Female,Bachelor,20,133509,243071,109562,82.06338149488049
Data Engineer,47,Female,Master,3,143720,340237,196517,136.7360144725856
Consultant,61,Other,Bachelor,13,122804,213777,90973,74.07983453307709
Designer,36,Other,High School,0,68380,95528,27148,39.70166715413864
Software Engineer,23,Other,Master,1,147563,402677,255114,172.88480174569506
Project Manager,27,Other,Master,5,112275,212742,100467,89.48296593186372
Data Engineer,36,Female,PhD,14,207561,544508,336947,162.3363734034814
DevOps Engineer,48,Other,Bachelor,3,128206,252200,123994,96.71466234029609
Consultant,58,Male,High School,26,115050,184656,69606,60.5006518904824
DevOps Engineer,31,Female,Bachelor,4,130306,256331,126025,96.71465627062453
Software Engineer,34,Female,Bachelor,3,128628,277698,149070,115.89234070342383
DevOps Engineer,50,Other,PhD,7,157436,388384,230948,146.69325948321858
DevOps Engineer,23,Male,PhD,0,167961,451546,283585,168.8397901893892
Data Engineer,64,Female,PhD,26,208486,522306,313820,150.52329652830406
Project Manager,29,Female,Bachelor,6,99767,170416,70649,70.81399661210621
Project Manager,46,Female,Bachelor,0,73735,120106,46371,62.88872313012816
DevOps Engineer,58,Male,PhD,7,165693,391446,225753,136.247759410476
Software Engineer,30,Other,PhD,5,163135,454930,291795,178.8671958807123
Project Manager,32,Female,High School,6,71822,108897,37075,51.62067333129124
Product Manager,57,Female,High School,22,132204,220502,88298,66.78920456264561
Designer,61,Other,Master,14,121526,189812,68286,56.19044484307884
Consultant,31,Male,High School,3,90521,148859,58338,64.44692391820682
Consultant,46,Other,Master,10,148372,297371,148999,100.42258647184106
Business Analyst,55,Other,Bachelor,26,100913,153373,52460,51.9853735395836
Data Engineer,28,Male,Bachelor,3,131915,291456,159541,120.94227343365046
Project Manager,50,Male,High School,10,83758,126995,43237,51.62133766326799
Data Scientist,28,Male,High School,0,112334,211759,99425,88.50837680488543
Software Engineer,43,Female,PhD,7,188455,525539,337084,178.86710355257222
Software Engineer,51,Male,PhD,22,213821,567845,354024,165.57026671842337
Project Manager,53,Female,Master,29,126103,219520,93417,74.07991879653933
Project Manager,22,Female,Master,0,113647,215342,101695,89.48322437019895
Data Scientist,49,Female,Bachelor,16,145164,285559,140395,96.71475021355157
Designer,25,Other,Master,0,108483,181476,72993,67.2851967589392
Business Analyst,53,Other,Master,9,96264,158756,62492,64.91731072882907
Data Scientist,44,Male,PhD,22,194985,481015,286030,146.69333538477318
Data Scientist,29,Male,Master,0,146702,355020,208318,142.0007907185996
Data Engineer,29,Other,PhD,5,181813,522674,340861,187.47889314845474
Product Manager,54,Other,Master,27,162774,332684,169910,104.38399252951946
Data Scientist,53,Female,Master,23,192096,413953,221857,115.49277444611027
DevOps Engineer,42,Male,PhD,13,179369,442491,263122,146.69312980503878
Data Scientist,28,Female,Master,0,139451,337472,198021,142.0004159167019
Data Engineer,40,Male,PhD,3,169269,444054,274785,162.33628130372367
Data Scientist,26,Male,Bachelor,3,124049,260465,136416,109.96944755701377
Data Scientist,33,Other,Master,3,143394,321235,177841,124.02262298283053
Designer,30,Female,PhD,1,128006,216589,88583,69.20222489570801
Data Engineer,43,Female,PhD,11,179287,470335,291048,162.33636571530562
Project Manager,44,Female,Master,16,128860,230768,101908,79.08427751047648
Software Engineer,61,Male,Bachelor,1,119384,248352,128968,108.02787643235274
Business Analyst,43,Female,High School,10,76808,111795,34987,45.551244662014376
Data Scientist,32,Male,Master,5,157231,352233,195002,124.02261640516184
Product Manager,59,Male,Bachelor,33,147716,268936,121220,82.06287741341494
Consultant,33,Female,Bachelor,6,99988,179063,79075,79.08449013881665
Designer,52,Other,High School,5,79007,108573,29566,37.422000582226886
Data Scientist,28,Male,PhD,1,180426,485057,304631,168.83985678339042
Product Manager,23,Female,PhD,1,177104,445055,267951,151.29584876682628
Software Engineer,57,Male,Master,25,178106,426306,248200,139.3552154335059
Project Manager,60,Male,Master,34,146111,254350,108239,74.0799802889584
Business Analyst,43,Female,Master,4,98821,167207,68386,69.20189028647758
DevOps Engineer,56,Other,Master,16,165407,356440,191033,115.4926937795861
Data Scientist,23,Female,High School,0,101641,191601,89960,88.5075904408654
Project Manager,46,Male,High School,10,83204,126155,42951,51.62131628287101
Consultant,24,Other,Master,1,135567,290518,154951,114.29846496566273
Data Engineer,55,Female,Bachelor,11,132169,263049,130880,99.02473348515916
Software Engineer,31,Male,High School,8,117041,225969,108928,93.0682410437368
Project Manager,42,Other,Master,16,130744,234142,103398,79.08431744477758
Designer,29,Female,PhD,0,139135,247762,108627,78.07309447658749
Consultant,53,Female,High School,9,93960,150806,56846,60.500212856534695
Software Engineer,42,Female,Master,6,149171,373069,223898,150.09485757955633
Product Manager,29,Male,Master,1,139159,316963,177804,127.77039214136347
Data Scientist,60,Female,Master,34,181221,390518,209297,115.49268572626792
Business Analyst,52,Female,High School,23,82689,118157,35468,42.89325061374548
Data Scientist,64,Male,Master,39,185262,399226,213964,115.4926536472671
Business Analyst,36,Other,PhD,7,116336,209818,93482,80.35517810479989
Designer,39,Male,High School,0,77827,108726,30899,39.70215991879425
Data Scientist,63,Other,Master,33,166121,357979,191858,115.49292383262801
Business Analyst,39,Male,High School,2,60598,88201,27603,45.55100828410178
DevOps Engineer,50,Female,High School,20,132978,237022,104044,78.24151363383417
Project Manager,31,Other,PhD,8,121179,232866,111687,92.16695962171664
DevOps Engineer,51,Male,High School,16,108114,187361,79247,73.29948017833028
Project Manager,25,Female,Bachelor,1,86677,148056,61379,70.81347993123896
Consultant,36,Male,PhD,8,137150,298849,161699,117.89938024061246
Consultant,58,Other,PhD,36,165511,347361,181850,109.87185141773055
Designer,45,Other,Master,10,132283,211405,79122,59.81267434213014
Data Scientist,25,Other,High School,2,104858,197666,92808,88.5082683247821
Designer,31,Other,High School,1,71986,100566,28580,39.70216430972689
Consultant,24,Female,High School,1,97972,169103,71131,72.60339688890703
Designer,30,Other,Master,2,108143,172826,64683,59.812470525138
Software Engineer,63,Other,High School,34,149799,280138,130339,87.00925907382559
Software Engineer,53,Other,PhD,2,151235,401635,250400,165.57013918735743
Project Manager,46,Other,High School,8,85110,129045,43935,51.621431089178714
Product Manager,62,Other,Bachelor,2,99029,180295,81266,82.06283008007756
Consultant,55,Male,Master,11,119849,232259,112410,93.79302288713298
Project Manager,32,Male,High School,10,78032,118313,40281,51.62112979290547
Designer,26,Other,PhD,1,129588,230762,101174,78.07358706053029
Product Manager,49,Male,PhD,4,168137,389900,221763,131.89422911078466
Data Scientist,53,Male,PhD,29,207620,490498,282878,136.24795299104133
Data Engineer,61,Female,PhD,26,230807,578225,347418,150.52316437543055
Software Engineer,37,Other,Bachelor,7,129831,280295,150464,115.89219831935362
Consultant,46,Other,High School,20,117122,192604,75482,64.44732842676866
Designer,26,Other,PhD,2,143385,255330,111945,78.07302019039648
Consultant,44,Other,Master,9,124535,249596,125061,100.42237122094191
Product Manager,52,Other,Bachelor,17,142165,258830,116665,82.06309569866
Business Analyst,48,Male,Bachelor,16,100184,155582,55398,55.296254891000565
Project Manager,45,Female,Master,12,128215,229613,101398,79.08435050501112
Designer,28,Female,Master,1,115150,192629,77479,67.2852800694746
Data Scientist,51,Other,Master,4,124665,268644,143979,115.49272049091566
DevOps Engineer,25,Female,PhD,2,161718,434762,273044,168.83958495652928
Designer,22,Female,High School,0,73896,106680,32784,44.36505358882754
Project Manager,35,Female,Master,12,120107,215093,94986,79.08448300265597
Data Engineer,33,Male,PhD,6,158774,416522,257748,162.33640268557826
Software Engineer,36,Other,Bachelor,2,118622,256096,137474,115.89249886193119
Business Analyst,55,Female,Bachelor,28,113951,173188,59237,51.98462497038201
Data Engineer,60,Male,High School,14,125872,226616,100744,80.03686284479471
DevOps Engineer,35,Female,PhD,3,165519,408324,242805,146.6931288855056
Data Engineer,65,Female,High School,27,142208,256027,113819,80.03698807380738
Product Manager,40,Female,Master,4,152236,322630,170394,111.92753356630493
Software Engineer,36,Female,Bachelor,1,117684,254070,136386,115.89171000305905
Software Engineer,36,Female,High School,11,126247,243743,117496,93.0683501390132
Project Manager,46,Female,PhD,16,133521,256583,123062,92.16677526381618
Project Manager,28,Other,Master,2,116343,220451,104108,89.48368187170693
Product Manager,24,Female,PhD,1,160994,404571,243577,151.29570046088674
Business Analyst,65,Female,High School,19,84058,120113,36055,42.89300245068881
Designer,43,Male,PhD,21,155610,263295,107685,69.20185078079814
Data Scientist,34,Other,PhD,0,133995,330556,196561,146.6927870442927
Data Scientist,52,Female,Bachelor,5,112363,213910,101547,90.37405551649564
Consultant,62,Female,High School,7,93202,149589,56387,60.499774682946715
Data Engineer,38,Male,PhD,11,207840,545240,337400,162.33641262509624
Designer,31,Male,Bachelor,7,87399,129371,41972,48.02343276238859
Software Engineer,54,Male,Bachelor,12,129556,269513,139957,108.02818858254346
DevOps Engineer,60,Female,Bachelor,1,119103,226741,107638,90.37387807192094
Data Scientist,63,Female,Master,39,196439,423312,226873,115.49285019777132
Data Engineer,30,Female,Master,5,158446,375099,216653,136.7361751006652
Consultant,49,Female,Bachelor,19,129428,231785,102357,79.0841239917174
Business Analyst,43,Female,Master,2,86702,146701,59999,69.20140250513252
Data Scientist,33,Other,Bachelor,8,137086,269668,132582,96.71447120785493
Data Engineer,57,Female,Master,7,163779,372011,208232,127.14206339030034
Product Manager,65,Other,Master,17,145027,296412,151385,104.38401125307702
Data Engineer,53,Male,Bachelor,23,169267,336884,167617,99.02520869395688
Data Engineer,56,Female,PhD,28,213093,533848,320755,150.5234803583412
Software Engineer,51,Male,Master,20,200221,479240,279019,139.35551215906423
Project Manager,25,Male,PhD,3,122680,251088,128408,104.66905771111837
DevOps Engineer,53,Female,PhD,8,164869,389499,224630,136.24756624956785
Product Manager,36,Female,Bachelor,1,115642,217075,101433,87.71294166479306
Business Analyst,33,Other,Bachelor,2,79918,124110,44192,55.296679096073476
Project Manager,54,Other,High School,25,96028,142658,46630,48.55875369683842
Business Analyst,35,Female,Bachelor,1,73051,113445,40394,55.295615391986416
Product Manager,62,Male,Bachelor,13,126057,229503,103446,82.06287631785621
Consultant,60,Female,PhD,5,140860,295626,154766,109.87221354536419
Consultant,56,Female,High School,4,81551,130890,49339,60.50079091611384
Project Manager,44,Male,PhD,14,130904,251554,120650,92.16677870806087
Data Engineer,37,Female,Bachelor,9,136996,282353,145357,106.10309790066863
Consultant,41,Male,High School,7,94211,154927,60716,64.44682680366411
Software Engineer,41,Female,High School,10,130750,252437,121687,93.06845124282984
Product Manager,65,Male,PhD,27,207316,461711,254395,122.70881166914276
Designer,41,Other,PhD,17,168732,285498,116766,69.20204821847665
Consultant,41,Male,Master,0,105384,211213,105829,100.42226523950504
Designer,26,Male,High School,0,79589,114898,35309,44.36417092814334
DevOps Engineer,45,Female,High School,10,103397,184296,80899,78.24114819578905
Consultant,60,Male,Bachelor,30,124429,216606,92177,74.07999742825226
Data Scientist,41,Female,Master,12,155050,347347,192297,124.02257336343115
Data Scientist,29,Other,Bachelor,1,115727,242991,127264,109.96915153767056
Business Analyst,53,Male,PhD,5,113596,199085,85489,75.2570513046234
Designer,22,Female,Master,0,122183,204394,82211,67.28513786697003
Data Scientist,47,Male,Bachelor,7,134544,264668,130124,96.71482934950649
Software Engineer,29,Other,PhD,0,184954,568313,383359,207.27261913773157
Software Engineer,52,Other,High School,15,134204,250974,116770,87.00932908110042
Product Manager,49,Female,High School,1,102129,174864,72735,71.2187527538701
Designer,54,Male,Master,24,147800,230850,83050,56.190798376184034
Consultant,52,Male,High School,8,82029,131657,49628,60.5005546818808
Data Scientist,25,Female,High School,1,105681,199217,93536,88.50786801790294
Data Scientist,62,Male,Bachelor,22,145446,276891,131445,90.37374695763376
Software Engineer,28,Female,PhD,0,175525,539341,363816,207.27303802877083
Software Engineer,28,Female,PhD,6,211533,649984,438451,207.2730968690464
Consultant,53,Male,High School,16,100134,160715,60581,60.49993009367448
Designer,56,Other,Bachelor,7,95151,138161,43010,45.201837080009675
Data Scientist,24,Male,Bachelor,0,129792,272524,142732,109.96979783037474
Data Scientist,50,Male,Bachelor,25,144489,284231,139742,96.71462879527162
Product Manager,36,Male,Bachelor,11,127502,239338,111836,87.71313391162492
Business Analyst,65,Female,Bachelor,20,95554,145228,49674,51.98526487640497
Business Analyst,36,Other,PhD,8,121082,218378,97296,80.35546158801473
Data Engineer,34,Male,Master,5,142526,337410,194884,136.73575347655867
DevOps Engineer,48,Male,PhD,14,191306,471939,280633,146.69325583097236
Project Manager,57,Female,PhD,29,157759,293711,135952,86.17701684214529
Software Engineer,46,Female,High School,10,115440,222878,107438,93.06826056826057
Business Analyst,28,Other,High School,6,72364,109272,36908,51.00326129014427
Project Manager,28,Female,PhD,5,134631,275548,140917,104.66905838922685
Project Manager,34,Female,High School,6,79826,121033,41207,51.62102573096485
Product Manager,47,Male,Bachelor,8,125370,235336,109966,87.71316901970168
Project Manager,63,Male,Bachelor,7,91317,145241,53924,59.05143620574482
Software Engineer,58,Other,Bachelor,3,115397,240058,124661,108.02793833461874
Data Engineer,31,Other,PhD,8,165521,434222,268701,162.33650110862067
DevOps Engineer,26,Male,Bachelor,0,126732,266099,139367,109.96985765236877
Data Scientist,42,Other,High School,16,115482,205837,90355,78.24163073033027
Product Manager,49,Other,Master,6,142437,301863,159426,111.92737841993304
Consultant,46,Male,Bachelor,1,92530,165707,73177,79.08462120393386
Business Analyst,24,Female,High School,1,71910,108587,36677,51.00403281880128
Business Analyst,32,Male,High School,6,69130,100620,31490,45.55185881672212
Data Engineer,59,Female,PhD,31,208999,523591,314592,150.52320824501552
DevOps Engineer,54,Male,PhD,2,143818,339767,195949,136.24789664715126
Software Engineer,62,Female,Master,38,190003,454782,264779,139.35516807629352
Software Engineer,26,Female,PhD,3,182407,560487,378080,207.27274720816635
Product Manager,29,Female,PhD,1,168068,422347,254279,151.2953090415784
Data Engineer,23,Female,Bachelor,0,125893,278151,152258,120.9423875831063
Designer,55,Other,High School,22,96104,132068,35964,37.42195954382752
Project Manager,57,Female,Bachelor,4,78284,124512,46228,59.05165806550509
Consultant,51,Female,Master,24,166956,323549,156593,93.79297539471477
Software Engineer,37,Other,PhD,13,193287,539014,345727,178.8671767889201
Data Engineer,26,Female,PhD,3,200409,576133,375724,187.4786062502183
Software Engineer,42,Female,High School,19,147123,284048,136925,93.06838495680485
Data Scientist,53,Other,PhD,0,144135,340516,196381,136.2479619800881
Designer,35,Female,PhD,3,119181,201656,82475,69.2014666767354
Data Scientist,62,Female,High School,20,122943,213059,90116,73.29900848360622
Consultant,32,Male,High School,2,82249,135256,53007,64.44698415786209
Business Analyst,27,Female,Bachelor,2,92526,149998,57472,62.114432699997835
Designer,63,Male,PhD,11,144448,238219,93771,64.91678666371288
Designer,56,Male,Bachelor,29,125503,182233,56730,45.202106722548464
Designer,35,Other,Master,8,114119,182377,68258,59.813002216984025
Data Engineer,23,Other,Bachelor,0,122606,270888,148282,120.94187886400339
DevOps Engineer,46,Female,Bachelor,1,106032,208580,102548,96.71419948694734
Designer,35,Other,High School,0,73785,103079,29294,39.70183641661584
Designer,24,Male,Bachelor,2,95269,146540,51271,53.81708635547765
Consultant,55,Male,High School,7,87071,139749,52678,60.5000516819607
DevOps Engineer,25,Other,High School,0,103868,195799,91931,88.50752878653677
DevOps Engineer,27,Male,Bachelor,4,118074,247919,129845,109.96917187526466
Data Scientist,40,Other,PhD,18,204561,504638,300077,146.69316243076636
Data Scientist,23,Male,Bachelor,1,135635,284792,149157,109.9694031776459
Project Manager,44,Male,Master,18,121959,218409,96450,79.08395444370649
Product Manager,28,Female,High School,3,108652,196006,87354,80.39796782387808
DevOps Engineer,58,Male,Master,28,185050,398769,213719,115.49256957579033
Designer,58,Female,Master,34,141448,220928,79480,56.190260731859055
Designer,58,Other,Bachelor,21,123977,180017,56040,45.20193261653371
Business Analyst,48,Female,Bachelor,20,96801,150328,53527,55.295916364500364
Product Manager,60,Other,Bachelor,4,101593,184963,83370,82.06274054314765
Product Manager,42,Female,Bachelor,20,158982,298431,139449,87.71370343812507
DevOps Engineer,32,Other,High School,4,107934,192383,84449,78.24133266625901
Business Analyst,25,Female,High School,1,70399,106305,35906,51.00356539155386
Data Scientist,62,Other,PhD,28,198860,469803,270943,136.248114251232
Designer,63,Male,Bachelor,12,92783,134723,41940,45.20224610111766
Software Engineer,62,Male,PhD,0,163407,433960,270553,165.57001842026352
Software Engineer,61,Female,Bachelor,20,173377,360673,187296,108.02816982644757
Business Analyst,43,Other,Bachelor,7,80831,125528,44697,55.29685392980416
Software Engineer,45,Other,PhD,12,186825,520993,334168,178.86685400776128
Software Engineer,29,Male,Master,4,155265,423695,268430,172.88506746530126
Business Analyst,45,Male,Master,2,84466,142918,58452,69.20180901191011
Product Manager,61,Male,PhD,30,187314,417165,229851,122.70892725583779
DevOps Engineer,28,Other,Master,2,141500,342431,200931,142.00070671378091
Product Manager,53,Female,High School,7,93957,156710,62753,66.78906308204817
Designer,52,Male,Master,7,116414,181828,65414,56.19083615372722
Consultant,36,Female,High School,1,75786,124628,48842,64.44725938827752
DevOps Engineer,62,Female,Bachelor,40,174588,332370,157782,90.37390885971544
Business Analyst,31,Other,Bachelor,4,74928,116360,41432,55.29575058723041
Project Manager,34,Female,Bachelor,4,95535,155616,60081,62.88899356256869
Data Scientist,36,Female,Master,0,146167,327447,181280,124.0225221835298
Business Analyst,61,Male,High School,13,75383,107717,32334,42.89295995118263
Consultant,51,Female,Bachelor,19,117418,204401,86983,74.0797833381594
Data Engineer,42,Male,Bachelor,2,123701,254951,131250,106.10261841052215
Business Analyst,33,Male,Master,8,105319,178202,72883,69.20213826565006
Product Manager,42,Female,High School,7,108930,186509,77579,71.21913155237309
Business Analyst,43,Other,Master,21,138707,234695,95988,69.20198692207315
Designer,34,Male,PhD,1,107867,182513,74646,69.20188750961833
Product Manager,52,Other,Master,14,153395,313515,160120,104.38410639199451
Project Manager,43,Male,PhD,10,136292,261908,125616,92.16681830188126
Software Engineer,40,Other,PhD,6,184240,513785,329545,178.8672383847156
Consultant,29,Male,PhD,1,145566,341772,196206,134.78834343184536
Project Manager,24,Male,High School,0,71477,112874,41397,57.91653259090337
Data Engineer,55,Female,PhD,24,215973,541063,325090,150.52344506026216
Business Analyst,23,Other,Master,0,96530,171894,75364,78.07313788459547
Consultant,63,Female,PhD,25,189130,396931,207801,109.87204568286364
Software Engineer,55,Female,Bachelor,19,154911,322258,167347,108.02783533771003
Data Engineer,27,Other,Master,2,173543,446050,272507,157.02563629763227
DevOps Engineer,25,Male,Master,3,162543,393355,230812,142.00057830850915
Designer,58,Female,Master,20,124587,194593,70006,56.190453257562986
Business Analyst,59,Female,High School,3,61306,87602,26296,42.89302841483705
DevOps Engineer,28,Other,High School,3,109241,205928,96687,88.50797777391273
Data Engineer,37,Male,PhD,9,185447,486495,301048,162.33640878525938
DevOps Engineer,45,Female,PhD,1,157569,388712,231143,146.69319472738925
Data Engineer,40,Other,Master,12,179536,425027,245491,136.7363648516175
Designer,57,Other,High School,18,92229,126743,34514,37.42206898047252
DevOps Engineer,54,Other,Bachelor,17,136429,259725,123296,90.3737475170235
Software Engineer,32,Other,Master,8,181509,453945,272436,150.09503660975489
Software Engineer,25,Female,High School,3,128240,263815,135575,105.71974422956956
Designer,32,Female,Master,6,118198,188896,70698,59.81319480871081
Product Manager,31,Male,High School,1,84941,145435,60494,71.21884602253328
Software Engineer,27,Female,Bachelor,0,146208,339828,193620,132.42777413000658
Data Engineer,63,Other,High School,34,134586,242305,107719,80.03729957053483
Data Engineer,58,Male,High School,19,135906,244681,108775,80.03693729489501
Product Manager,47,Female,PhD,3,139461,323402,183941,131.89422132352414
Business Analyst,22,Other,Bachelor,0,87123,141239,54116,62.11448182454691
DevOps Engineer,65,Male,Bachelor,30,164332,312846,148514,90.37436409220359
Consultant,51,Male,PhD,23,157127,329766,172639,109.87226892895556
Designer,56,Other,PhD,27,165415,272798,107383,64.91732914185533
Designer,46,Female,Master,12,123026,196611,73585,59.812559946677936
Consultant,41,Other,High School,17,117000,192403,75403,64.44700854700855
Consultant,54,Female,High School,26,108475,174103,65628,60.500576169624345
Data Scientist,41,Other,PhD,14,204607,504752,300145,146.6934171362661
Product Manager,65,Female,Bachelor,13,134116,244176,110060,82.0632884965254
Product Manager,24,Male,Bachelor,2,112867,225158,112291,99.48966482674298
Project Manager,46,Other,High School,20,97266,147476,50210,51.621327082433744
Consultant,54,Male,High School,3,79981,128370,48389,60.50061889698804
Consultant,54,Female,Master,16,159828,309735,149907,93.79270215481642
Data Scientist,64,Female,PhD,40,228436,539675,311239,136.24778931516923
Software Engineer,27,Female,High School,5,124838,256816,131978,105.7194123584165
Software Engineer,26,Male,Bachelor,1,139061,323217,184156,132.4282149560265
Consultant,55,Female,Bachelor,15,117559,204647,87088,74.08024906642622
Business Analyst,61,Other,Bachelor,37,112289,170662,58373,51.98461113733314
Data Engineer,53,Other,PhD,6,177480,444629,267149,150.52343926076176
DevOps Engineer,36,Female,Bachelor,7,118346,232804,114458,96.7147178611867
Designer,48,Female,PhD,8,137406,232494,95088,69.20221824374482
Software Engineer,46,Female,Master,23,206335,516034,309699,150.0952334795357
Project Manager,63,Male,PhD,34,138921,258639,119718,86.17703586930702
DevOps Engineer,64,Male,Master,18,168533,363176,194643,115.4925148190562
Project Manager,29,Female,PhD,7,134180,274625,140445,104.66910120733344
Consultant,42,Male,PhD,7,154916,337561,182645,117.89937772728447
Project Manager,41,Female,Bachelor,5,95024,154784,59760,62.889375315709714
Business Analyst,24,Other,PhD,2,110661,211313,100652,90.95525975727674
Project Manager,49,Male,Bachelor,0,72534,118150,45616,62.88912785728073
Project Manager,58,Other,High School,3,72565,107801,35236,48.55784469096672
Designer,33,Male,Master,10,122527,195814,73287,59.81293918891346
Software Engineer,42,Male,Master,12,172239,430761,258522,150.09492623621827
Designer,48,Other,Bachelor,4,92897,137510,44613,48.02415578543979
Software Engineer,41,Male,PhD,1,155647,434048,278401,178.86692323012971
Product Manager,49,Male,Master,8,155486,329517,174031,111.92711884028144
Data Scientist,65,Other,Bachelor,10,135464,257888,122424,90.37382625642238
Consultant,43,Female,High School,2,92166,151564,59398,64.44675910856498
Product Manager,54,Female,PhD,20,189225,421421,232196,122.70894437838551
Data Scientist,39,Other,High School,10,115591,206031,90440,78.24138557500152
Designer,65,Male,High School,10,88027,120969,32942,37.422608972247154
Data Engineer,37,Male,High School,1,96217,178503,82286,85.52126963010694
Project Manager,60,Other,PhD,5,120889,225067,104178,86.17657520535367
Software Engineer,44,Other,PhD,2,175022,488079,313057,178.8672281198935
Consultant,36,Female,Master,14,135993,272561,136568,100.42281588022912
Consultant,35,Male,High School,3,91949,151207,59258,64.44659539527346
Business Analyst,34,Other,High School,1,66985,97498,30513,45.551989251324926
Designer,44,Other,Master,1,102938,164508,61570,59.81270279197186
Designer,29,Male,Bachelor,5,100389,154415,54026,53.816653218978175
DevOps Engineer,61,Male,High School,23,113801,197216,83415,73.29900440242177
Designer,40,Female,Master,13,141859,226709,84850,59.81291282188652
Data Engineer,28,Male,High School,5,123638,243498,119860,96.94430514890244
Business Analyst,35,Other,High School,7,75635,110088,34453,45.551662590070734
DevOps Engineer,51,Male,PhD,8,147688,348910,201222,136.24803640106168
Project Manager,35,Male,PhD,10,118564,227840,109276,92.16625619918356
Consultant,51,Female,Master,8,116559,225883,109324,93.7928431094982
DevOps Engineer,62,Female,PhD,21,218036,515106,297070,136.24814250857656
Business Analyst,51,Male,PhD,11,119291,209066,89775,75.25714429420492
Data Scientist,42,Other,High School,4,95977,171071,75094,78.24166206486971
Product Manager,30,Male,Master,8,151106,320235,169129,111.92738872050083
Software Engineer,29,Male,Bachelor,4,148104,344235,196131,132.4278885107762
Project Manager,33,Female,PhD,8,123716,237741,114025,92.16673671958357
DevOps Engineer,61,Female,High School,20,130173,225589,95416,73.299378519355
DevOps Engineer,25,Male,High School,2,107228,202133,94905,88.50766590815832
DevOps Engineer,24,Male,Bachelor,1,117561,246842,129281,109.96929253749117
Project Manager,62,Other,Bachelor,0,72488,115293,42805,59.05115329433838
Designer,46,Female,Bachelor,17,112968,167220,54252,48.02421924792862
Designer,29,Other,Bachelor,2,92899,142894,49995,53.81651040377184
Software Engineer,56,Male,High School,13,124799,233386,108587,87.00951129416102
DevOps Engineer,34,Male,PhD,12,165928,409333,243405,146.69314401427124
Software Engineer,41,Other,Bachelor,0,116132,250720,134588,115.89226053111976
Product Manager,63,Male,High School,40,124561,207755,83194,66.78976565698734
Product Manager,38,Male,High School,6,101454,173709,72255,71.21946892187593
Business Analyst,40,Other,High School,10,70861,103139,32278,45.55114943339778
Software Engineer,33,Other,PhD,7,199735,556995,357260,178.86699877337472
Product Manager,54,Male,High School,25,131818,219858,88040,66.7890576400795
Product Manager,48,Male,PhD,13,162571,376993,214422,131.89437230502367
Business Analyst,41,Other,High School,17,81268,118287,37019,45.551754688192155
DevOps Engineer,57,Male,Bachelor,17,128611,244842,116231,90.37407375729914
Project Manager,54,Male,PhD,11,114662,213474,98812,86.17676300779684
Consultant,50,Female,Master,8,138834,278255,139421,100.42280709336329
Data Engineer,31,Male,Master,1,130593,309161,178568,136.73627223511212
Consultant,49,Other,High School,2,87741,144287,56546,64.44649593690521
Product Manager,59,Male,Bachelor,2,104444,190154,85710,82.06311516219218
Project Manager,62,Male,Bachelor,11,88919,141427,52508,59.05149630562647
Software Engineer,36,Male,Master,9,183858,459820,275962,150.09518215144294
Software Engineer,46,Other,Master,22,215901,539958,324057,150.0951825142079
Designer,64,Male,PhD,17,143268,236273,93005,64.91679928525559
Business Analyst,59,Male,High School,29,86574,123708,37134,42.892785362811004
Data Scientist,24,Other,PhD,2,178695,480403,301708,168.8396429670668
Business Analyst,53,Other,PhD,25,133504,233975,100471,75.2569211409396
Designer,45,Male,PhD,6,128820,217966,89146,69.2019872690576
Product Manager,22,Male,Master,0,134327,305957,171630,127.7702918996181
DevOps Engineer,31,Male,Master,1,138326,309882,171556,124.02296025331464
Software Engineer,26,Female,High School,1,124710,256553,131843,105.71966963354984
Project Manager,22,Female,PhD,0,111609,228429,116820,104.66897830820095
Software Engineer,26,Female,High School,2,119780,246411,126631,105.71965269661045
DevOps Engineer,64,Other,Bachelor,26,139274,265142,125868,90.37436994701092
Data Scientist,36,Other,Bachelor,4,113792,223846,110054,96.71505905511812
Product Manager,58,Male,Bachelor,36,146862,267381,120519,82.0627527883319
Designer,30,Female,PhD,0,107405,181731,74326,69.20162003631117
DevOps Engineer,53,Male,High School,15,121789,211059,89270,73.29890219970605
Product Manager,34,Male,High School,1,84996,145529,60533,71.21864558332157
Product Manager,24,Other,Master,1,150612,343050,192438,127.77069556210661
Data Engineer,42,Male,Bachelor,13,150040,309237,159197,106.10303918954946
Product Manager,60,Other,PhD,3,138382,308189,169807,122.70887832232515
Project Manager,34,Other,High School,1,69205,104929,35724,51.62054764829131
Data Engineer,56,Male,High School,17,127506,229558,102052,80.03701786582592
Consultant,40,Female,PhD,4,147801,322058,174257,117.89974357413008
Project Manager,38,Male,PhD,4,117643,226071,108428,92.16697976080175
Data Engineer,55,Other,Master,10,152709,346866,194157,127.14181875331514
Designer,32,Female,High School,6,76344,106654,30310,39.701875720423345
Software Engineer,33,Male,PhD,5,165683,462035,296352,178.86687228019773
Data Engineer,57,Female,Bachelor,10,125784,250342,124558,99.02531323538764
Project Manager,48,Other,Master,10,124847,223581,98734,79.083998814549
Data Engineer,35,Male,Bachelor,10,135449,279164,143715,106.102665948069
Data Engineer,25,Other,Master,2,172271,442781,270510,157.02584880798278
Consultant,38,Male,PhD,16,181037,394479,213442,117.8996558714517
Project Manager,59,Other,Master,2,93867,163404,69537,74.08034772603791
Business Analyst,53,Female,PhD,21,143021,250654,107633,75.2567804727977
Data Engineer,63,Female,Bachelor,20,151600,301722,150122,99.02506596306068
Data Scientist,51,Other,High School,24,133532,231410,97878,73.29928406674055
Data Engineer,29,Female,Master,1,168307,432592,264285,157.025554492683
Business Analyst,24,Other,Bachelor,0,79889,129512,49623,62.11493447157932
Product Manager,58,Other,High School,12,110464,184242,73778,66.78918018539977
Product Manager,22,Male,PhD,0,166712,418940,252228,151.29564758385717
Data Scientist,30,Other,Master,1,123266,276144,152878,124.02284490451542
DevOps Engineer,59,Other,Bachelor,10,121608,231510,109902,90.37398855338465
Data Engineer,53,Male,Bachelor,1,100427,199875,99448,99.02516255588637
Data Engineer,37,Female,Master,1,131424,311128,179704,136.73606038470902
Business Analyst,37,Female,Bachelor,5,76580,118926,42346,55.2964220423087
Data Scientist,52,Male,Bachelor,27,160855,306226,145371,90.37393926206832
Data Engineer,35,Other,PhD,7,173625,455482,281857,162.33664506839455
Designer,60,Other,High School,0,69309,95246,25937,37.42226839227229
Product Manager,40,Male,High School,18,124967,213968,89001,71.21960197492137
Designer,44,Male,Master,9,122426,195652,73226,59.81245813797723
Project Manager,35,Female,Bachelor,1,86793,141376,54583,62.888712223335986
DevOps Engineer,43,Other,High School,3,92031,164037,72006,78.24102747987092
Business Analyst,33,Female,PhD,6,107770,194369,86599,80.35538647118864
Data Scientist,32,Female,Bachelor,8,136623,268758,132135,96.71504797874442
Consultant,50,Male,Master,25,169436,339588,170152,100.42257843669586
Designer,44,Male,Bachelor,17,113147,167485,54338,48.02425163725066
Designer,50,Male,High School,27,95422,133307,37885,39.702584309697976
Software Engineer,30,Other,Master,1,141396,353624,212228,150.09476930040452
DevOps Engineer,34,Other,Bachelor,2,123779,243492,119713,96.71511322599149
Project Manager,58,Other,PhD,16,140497,261573,121076,86.17692904474829
Software Engineer,46,Other,PhD,23,237291,661727,424436,178.86729795904606
Business Analyst,64,Male,High School,12,70332,100499,30167,42.89228231814821
Project Manager,38,Other,PhD,3,119117,228903,109786,92.16652534902659
Consultant,40,Other,High School,11,108355,178187,69832,64.44741820866597
Software Engineer,60,Female,High School,27,152209,284645,132436,87.00930956776538
Data Engineer,35,Female,Master,2,142578,337533,194955,136.7356815216934
Business Analyst,39,Male,High School,4,73286,106669,33383,45.55167426247851
Data Scientist,30,Male,PhD,5,162444,400738,238294,146.6930142079732
Project Manager,57,Male,Bachelor,22,109469,174113,64644,59.052334450849095
Data Scientist,57,Other,High School,17,124669,216050,91381,73.29889547521837
Designer,49,Male,PhD,7,129981,219930,89949,69.20165254921872
Software Engineer,64,Male,PhD,34,233783,620858,387075,165.5702082700624
Software Engineer,31,Female,Bachelor,4,126047,272126,146079,115.89248454941409
Product Manager,34,Female,Bachelor,4,125177,234974,109797,87.7133978286746
Data Scientist,57,Male,Bachelor,13,129395,246334,116939,90.3736620425828
Consultant,59,Other,Master,16,154565,299536,144971,93.79290266231035
DevOps Engineer,64,Male,PhD,24,218896,517137,298241,136.2478071778379
Designer,49,Other,High School,15,99051,138377,39326,39.70277937628091
Project Manager,33,Female,PhD,10,134184,257857,123673,92.16672628629344
Consultant,27,Male,Bachelor,4,109289,207084,97795,89.48293057855777
Business Analyst,33,Other,Bachelor,10,92934,144323,51389,55.296231734349114
Business Analyst,30,Other,PhD,7,121962,219965,98003,80.35535658647775
Consultant,43,Male,PhD,3,146805,319887,173082,117.89925411259834
Consultant,55,Female,High School,27,111686,179256,67570,60.49997313897892
Business Analyst,25,Female,PhD,1,127234,242960,115726,90.95524781111966
Business Analyst,32,Female,High School,5,69605,101311,31706,45.55132533582358
Business Analyst,47,Male,Bachelor,24,112492,174696,62204,55.296376631227105
Data Engineer,29,Male,Master,7,187118,480941,293823,157.02551331245525
Software Engineer,59,Other,High School,23,143282,267951,124669,87.00953364693402
Consultant,62,Other,Master,25,143440,277977,134537,93.79322364751813
Product Manager,32,Male,PhD,7,149775,347320,197545,131.89450842931063
Data Scientist,55,Other,Bachelor,14,129861,247222,117361,90.37432331492904
Product Manager,27,Male,Bachelor,5,137942,275180,137238,99.4896405735744
Data Scientist,34,Female,Bachelor,2,108887,214197,105310,96.7149430143176
Project Manager,64,Male,PhD,32,138920,258637,119717,86.17693636625397
Data Scientist,49,Other,Master,11,175875,394000,218125,124.02274342572849
DevOps Engineer,47,Other,Master,24,176910,396319,219409,124.022949522356
Product Manager,40,Female,High School,5,102588,175650,73062,71.21885600655047
Designer,50,Other,PhD,26,159334,269596,110262,69.2018025029184
Software Engineer,37,Other,Master,1,160600,401653,241053,150.09526774595267
Project Manager,29,Female,High School,5,87589,138318,50729,57.917090045553664
Software Engineer,38,Other,Master,11,158537,396493,237956,150.09493052095095
DevOps Engineer,64,Female,High School,20,119791,207597,87806,73.29932966583466
Project Manager,29,Other,Bachelor,7,92202,157494,65292,70.81408212403201
Product Manager,50,Male,Master,2,141382,299627,158245,111.92726089601221
DevOps Engineer,48,Female,High School,1,106873,190492,83619,78.24146416775051
Consultant,24,Other,High School,0,80521,138982,58461,72.60342022577962
Data Engineer,48,Other,High School,25,135312,251033,115721,85.52160931772497
Data Scientist,41,Male,High School,17,129214,230313,101099,78.24152181652143
Data Scientist,47,Female,High School,12,129477,230782,101305,78.24169543625509
Business Analyst,32,Other,Bachelor,8,78977,122648,43671,55.29584562594173
Software Engineer,55,Female,High School,28,140372,262509,122137,87.00951756760608
Project Manager,56,Male,Master,11,117022,203712,86690,74.0800875049136
Data Engineer,28,Other,High School,1,118285,232956,114671,96.94466754026291
Product Manager,63,Other,Bachelor,19,137587,250495,112908,82.06298560183738
DevOps Engineer,29,Male,High School,0,98647,185957,87310,88.50750656380832
Business Analyst,48,Female,Bachelor,3,77769,120772,43003,55.29581195592074
Data Engineer,24,Male,High School,2,118778,233927,115149,96.9447204027682
Project Manager,57,Male,Master,33,140927,245326,104399,74.0801975490857
Project Manager,55,Other,Bachelor,22,97417,154944,57527,59.052321463399615
DevOps Engineer,26,Male,Master,4,165144,399649,234505,142.00031487671365
Consultant,27,Male,High School,4,100211,172968,72757,72.60380596940456
Project Manager,59,Other,Master,20,122673,213549,90876,74.07987087623194
Data Engineer,43,Other,PhD,14,186443,489108,302665,162.33647817295366
Designer,57,Other,Master,4,110074,171925,61851,56.190381016407144
Data Scientist,58,Female,Bachelor,24,143874,273899,130025,90.37421632817603
Data Engineer,57,Male,Bachelor,15,149246,297037,147791,99.02509950015411
Product Manager,29,Male,Bachelor,0,112743,224911,112168,99.48999050938862
Business Analyst,31,Female,Master,1,98891,167325,68434,69.20144401411655
Consultant,53,Other,High School,9,90191,144757,54566,60.500493397345636
Software Engineer,46,Other,PhD,20,229525,640070,410545,178.86722579239733
Software Engineer,46,Other,High School,18,135093,260822,125729,93.06847875167477
Consultant,61,Female,Master,14,147456,285759,138303,93.792724609375
Designer,44,Other,High School,6,86592,120971,34379,39.70228196600148
Consultant,62,Female,High School,28,104611,167901,63290,60.50032979323397
Designer,24,Male,Bachelor,0,97261,149604,52343,53.817048971324574
Business Analyst,38,Male,PhD,2,104931,189249,84318,80.35566229236355
DevOps Engineer,40,Female,PhD,10,194087,478799,284712,146.692977891358
Project Manager,54,Female,Bachelor,13,104380,166018,61638,59.05154244108066
Business Analyst,50,Other,PhD,18,143378,258590,115212,80.3554241236452
Software Engineer,22,Other,High School,0,107910,221992,114082,105.71958113242516
Designer,56,Male,PhD,18,145189,239442,94253,64.91745242408172
Consultant,25,Other,PhD,3,143259,336356,193097,134.78873927641544
Project Manager,58,Other,Bachelor,7,82316,130925,48609,59.051703192574955
Project Manager,37,Other,Master,6,116252,208189,91937,79.08423080893232
Data Scientist,33,Male,PhD,4,154182,380356,226174,146.69286946595582
Software Engineer,26,Male,Bachelor,0,141978,329997,188019,132.42826353378692
Product Manager,54,Other,Bachelor,18,140477,255757,115280,82.06325590666088
Data Scientist,60,Other,Bachelor,3,121449,231207,109758,90.37373712422499
DevOps Engineer,36,Other,Bachelor,6,115783,227762,111979,96.71454358584593
Data Engineer,50,Female,PhD,23,246047,645471,399424,162.33646417147943
Project Manager,31,Other,Bachelor,8,101715,165683,63968,62.88944600108145
Software Engineer,26,Female,Bachelor,3,139966,325320,185354,132.42787534115428
Product Manager,41,Female,Bachelor,8,116891,219420,102529,87.71333977808385
Software Engineer,24,Other,PhD,1,182374,560386,378012,207.27296654128332
Data Engineer,45,Female,PhD,9,193950,508802,314852,162.33668471255478
Business Analyst,50,Other,Master,14,125600,212518,86918,69.20222929936305
Consultant,41,Other,Bachelor,2,101734,182190,80456,79.0846717911416
Product Manager,24,Female,Bachelor,1,114179,227776,113597,99.49027404338801
Consultant,62,Female,High School,35,109631,175958,66327,60.50022347693626
Data Scientist,40,Male,High School,9,112807,201069,88262,78.24159848236368
Designer,43,Male,Master,3,112469,179740,67271,59.812926228560755
Consultant,25,Male,High School,2,87816,151573,63757,72.60294251617017
DevOps Engineer,31,Male,Master,3,146236,327602,181366,124.02281244016523
Designer,38,Female,PhD,9,124531,210709,86178,69.20204607688045
Designer,42,Other,Bachelor,14,103549,153277,49728,48.023640981564284
Consultant,40,Female,Master,16,154927,310509,155582,100.42277976079058
Consultant,41,Female,Bachelor,12,110336,197594,87258,79.08388921113689
Software Engineer,53,Other,High School,19,120717,225752,105035,87.00928618173083
Software Engineer,26,Female,High School,2,113011,232486,119475,105.71979718788435
Project Manager,24,Male,Master,1,110011,208453,98442,89.48377889483778
Data Scientist,31,Other,Bachelor,1,119046,234181,115135,96.71471532012835
Data Engineer,34,Other,PhD,7,166375,436462,270087,162.33628850488356
Designer,48,Other,High School,13,87238,121874,34636,39.70288177170499
Software Engineer,27,Male,High School,2,117582,241889,124307,105.71941283529792
Software Engineer,58,Male,PhD,8,161921,430014,268093,165.570247219323
Product Manager,64,Male,Bachelor,37,145983,265781,119798,82.06297993601996
DevOps Engineer,58,Other,Bachelor,14,122096,232439,110343,90.37396802516054
Data Scientist,32,Female,Master,9,143683,321883,178200,124.02302290458857
DevOps Engineer,64,Other,Bachelor,23,160498,305547,145049,90.37433488267766
Software Engineer,35,Other,Master,5,163315,408443,245128,150.09521476900468
Software Engineer,42,Female,Bachelor,15,159642,344655,185013,115.89243432179501
Software Engineer,28,Male,Bachelor,2,145904,339122,193218,132.42817194867857
DevOps Engineer,25,Other,Master,0,130911,316805,185894,142.0002902735446
Project Manager,46,Other,Bachelor,20,117432,191284,73852,62.88916138701547
DevOps Engineer,53,Male,PhD,22,216929,512490,295561,136.24780458122243
DevOps Engineer,63,Female,Bachelor,38,150299,286130,135831,90.37385478279963
Software Engineer,30,Male,High School,5,113397,218934,105537,93.06859969840473
Data Engineer,62,Female,Master,4,149529,339643,190114,127.14189220820043
Software Engineer,37,Other,PhD,2,165599,461801,296202,178.86702214385352
Designer,58,Male,High School,22,90569,124462,33893,37.422296812375095
DevOps Engineer,38,Other,Master,7,161404,361582,200178,124.02294862580854
Product Manager,51,Female,Bachelor,21,144133,262413,118280,82.06309450299376
Software Engineer,53,Other,Bachelor,9,144788,301200,156412,108.02828963726276
Data Engineer,30,Female,PhD,6,161669,424117,262448,162.33662606931446
Designer,36,Other,Master,13,140340,224281,83941,59.81259797634316
Project Manager,30,Male,Master,0,94635,169476,74841,79.08384847043905
Data Engineer,61,Female,Master,0,125796,285736,159940,127.14235746764604
Data Scientist,22,Male,Master,0,149016,360620,211604,142.0008589681645
Software Engineer,50,Male,High School,6,106079,204805,98726,93.06837357064074
Software Engineer,26,Male,Master,1,174353,475783,301430,172.88489443829474
Business Analyst,60,Male,Bachelor,0,64383,97852,33469,51.984219436807855
Software Engineer,24,Male,Master,2,177441,484210,306769,172.8850716576214
Consultant,22,Male,Bachelor,0,103769,196625,92856,89.48337171987781
Designer,65,Male,PhD,40,164550,271371,106821,64.91704649042845
Data Engineer,62,Female,Master,14,170010,386164,216154,127.14193282748074
Product Manager,61,Female,Bachelor,17,147293,268166,120873,82.06296293781782
Data Scientist,27,Female,PhD,3,165371,444583,279212,168.83976029654534
Project Manager,49,Other,PhD,19,153461,294901,141440,92.16673943216843
Data Scientist,36,Male,Bachelor,3,128194,252177,123983,96.71513487370704
Data Engineer,35,Other,Master,7,143750,340308,196558,136.736
DevOps Engineer,52,Other,Master,10,163399,352113,188714,115.49275087362835
Data Scientist,30,Male,Bachelor,1,118321,232755,114434,96.71486887365725
Consultant,58,Male,PhD,31,177911,373386,195475,109.87235190629023
Software Engineer,40,Male,Master,11,184191,460653,276462,150.09528152841344
Business Analyst,49,Male,PhD,5,116943,210913,93970,80.35538681237868
Software Engineer,52,Other,PhD,2,157916,419378,261462,165.5703031991692
DevOps Engineer,43,Male,Bachelor,9,124787,245474,120687,96.71440133988315
Designer,61,Other,PhD,1,109520,180617,71097,64.91691015339664
Software Engineer,33,Female,Bachelor,2,135489,292510,157021,115.89206503849022
Data Scientist,59,Male,Bachelor,2,118223,225066,106843,90.37412347851095
Software Engineer,53,Male,Bachelor,27,162383,337802,175419,108.02793395860404
DevOps Engineer,31,Female,Master,6,159143,356517,197374,124.02304845327788
DevOps Engineer,27,Other,PhD,3,182627,490974,308347,168.83976629961617
DevOps Engineer,49,Male,PhD,7,153415,378464,225049,146.6929570120262
Designer,42,Male,Bachelor,2,94134,139341,45207,48.02409331378673
Project Manager,27,Female,Bachelor,0,96903,165524,68621,70.81411308215432
Project Manager,50,Other,PhD,6,132963,255511,122548,92.1669938253499
Designer,29,Female,Bachelor,2,105387,162103,56716,53.816884435461674
Designer,41,Other,PhD,11,135141,228661,93520,69.20179664202574
Data Engineer,56,Other,High School,30,122271,220133,97862,80.03696706496225
Software Engineer,42,Other,Master,18,192157,480575,288418,150.09497442195706
Product Manager,59,Female,Master,30,186396,380963,194567,104.38367776132536
Data Scientist,36,Other,High School,10,101099,180200,79101,78.24112998150328
Data Engineer,42,Male,PhD,9,179186,470070,290884,162.33634324110142
DevOps Engineer,40,Male,High School,10,116152,207031,90879,78.24144224808872
Consultant,44,Other,PhD,10,167108,364128,197020,117.89980132608852
Business Analyst,26,Male,PhD,2,114510,218662,104152,90.95450179023666
Data Scientist,63,Female,PhD,19,216049,510411,294362,136.24779563895228
Data Scientist,39,Other,Master,10,147861,331242,183381,124.02256173027371
Product Manager,46,Male,Master,8,133584,283101,149517,111.92732662594322
Designer,28,Male,Master,3,116882,195526,78644,67.28495405622765
Project Manager,43,Female,PhD,17,152566,293181,140615,92.16666885151345
Data Scientist,54,Female,PhD,14,196643,464565,267922,136.24792136002807
Designer,59,Female,PhD,2,118855,196012,77157,64.91691556939128
Data Scientist,59,Male,High School,1,98235,170240,72005,73.29872245126482
Project Manager,43,Other,PhD,19,135082,259583,124501,92.16698005655823
Project Manager,38,Female,Bachelor,15,110125,179382,69257,62.8894438138479
Business Analyst,48,Male,PhD,20,150257,270997,120740,80.35565730714708
Consultant,41,Other,Master,4,132904,266370,133466,100.42286161439837
Business Analyst,52,Other,High School,20,77366,110550,33184,42.89222655947057
DevOps Engineer,33,Other,PhD,0,153528,378743,225215,146.69311135428066
Data Engineer,55,Other,Bachelor,6,115282,229440,114158,99.02499956628094
Data Scientist,59,Female,Master,23,166545,358892,192347,115.49250953195833
DevOps Engineer,41,Male,Master,2,150604,337387,186783,124.0226023213195
Consultant,61,Other,PhD,10,141124,296180,155056,109.87216915620306
Project Manager,31,Female,High School,6,75594,114616,39022,51.620498981400644
DevOps Engineer,53,Male,High School,3,88702,153720,65018,73.29936190841244
Designer,39,Other,PhD,5,135430,229150,93720,69.20180166875876
Project Manager,23,Female,Master,0,103455,196030,92575,89.48335024890048
Product Manager,31,Female,PhD,7,158352,367209,208857,131.89413458623824
Project Manager,44,Female,Master,16,127748,228777,101029,79.0846040642515
Consultant,55,Female,Master,8,120213,232964,112751,93.79268465141041
Consultant,33,Female,PhD,7,154026,335622,181596,117.89957539636164
Business Analyst,38,Male,Master,8,113595,192205,78610,69.2019895241868
Product Manager,37,Male,Bachelor,8,121617,228291,106674,87.71306642985766
Designer,56,Other,Master,17,120061,187524,67463,56.1906031100857
Business Analyst,46,Other,PhD,7,108416,195534,87118,80.35529811097993
Software Engineer,27,Male,High School,2,122201,251391,129190,105.71926579978887
Designer,29,Other,PhD,0,132324,235634,103310,78.07351652005683
Designer,49,Female,Master,20,139207,222471,83264,59.813084112149525
Data Engineer,55,Female,High School,15,117857,212186,94329,80.03682428705974
Designer,29,Other,PhD,5,128933,229595,100662,78.07310773812756
Data Engineer,33,Other,Bachelor,0,120277,247894,127617,106.10257987811468
Product Manager,62,Male,Bachelor,30,136485,248489,112004,82.06323039161812
DevOps Engineer,43,Other,Master,3,125946,282148,156202,124.02299398154766
Data Scientist,38,Male,High School,3,98283,175181,76898,78.24140492251966
Software Engineer,29,Female,PhD,1,202029,620780,418751,207.27271827311918
Business Analyst,47,Other,Bachelor,14,103841,161261,57420,55.296077657187425
Business Analyst,49,Male,High School,24,94191,137097,42906,45.55212281428162
Business Analyst,39,Female,Bachelor,16,105101,163218,58117,55.2963340025309
Data Scientist,51,Female,High School,17,113410,196539,83129,73.29953266907681
Product Manager,38,Male,Bachelor,7,113158,212413,99255,87.71363933614946
Consultant,65,Female,PhD,30,166624,349697,183073,109.87192721336663
DevOps Engineer,30,Male,Bachelor,5,133012,261654,128642,96.71458214296455
Data Engineer,37,Female,Master,8,157925,373865,215940,136.7357923064746
Software Engineer,29,Female,High School,7,141486,291065,149579,105.72000056542696
Software Engineer,32,Female,Master,6,152183,380602,228419,150.09495147289775
Software Engineer,50,Female,High School,20,147572,284915,137343,93.06846827311414
Business Analyst,43,Female,PhD,17,133352,240508,107156,80.35575019497271
Data Engineer,56,Male,Bachelor,10,125659,250093,124434,99.02513946474188
Product Manager,61,Female,Master,18,170599,348677,178078,104.38396473601838
Software Engineer,59,Other,Bachelor,27,174979,364006,189027,108.02839197846599
Business Analyst,25,Other,High School,1,68343,103200,34857,51.00302883982266
DevOps Engineer,53,Male,Bachelor,16,143629,273432,129803,90.37381030293325
Business Analyst,40,Female,PhD,2,99721,179852,80131,80.35519098284213
Project Manager,63,Male,Master,17,134225,233659,99434,74.0800894021233
Software Engineer,25,Female,Master,1,150356,410299,259943,172.8850195535928
Consultant,45,Other,Master,22,175787,352317,176530,100.42267061841888
Consultant,24,Female,Master,1,117550,251908,134358,114.29859634198213
Designer,47,Male,Bachelor,19,123254,182446,59192,48.02440488746815
Data Engineer,24,Male,Master,1,168509,433111,264602,157.02544077764392
Software Engineer,33,Other,Master,8,172502,431419,258917,150.09507136149145
Data Scientist,41,Other,Master,11,174218,390288,216070,124.02277606217498
Business Analyst,22,Other,PhD,0,110039,210125,100086,90.95502503657794
Data Scientist,42,Other,Bachelor,19,161847,318377,156530,96.71479854430419
Designer,54,Female,High School,14,97676,134229,36553,37.42270363241738
DevOps Engineer,46,Female,Master,20,191647,429333,237686,124.02281277557175
Product Manager,64,Male,Bachelor,22,145110,264192,119082,82.06326235269795
Data Scientist,43,Other,High School,7,109937,195953,86016,78.24117449084476
Data Engineer,31,Female,PhD,8,199953,524550,324597,162.33664911254144
Project Manager,26,Other,Master,1,109367,207232,97865,89.48311647937678
Business Analyst,59,Other,High School,28,82435,117794,35359,42.89318857281494
Data Scientist,51,Other,High School,10,107278,185912,78634,73.29927851003933
Business Analyst,29,Male,Bachelor,6,93532,151629,58097,62.11457041440362
Designer,51,Female,PhD,8,116904,192795,75891,64.91736809690002
Product Manager,55,Other,PhD,30,177794,395963,218169,122.7088653160399
Software Engineer,61,Female,Master,36,211220,505566,294346,139.3551746993656
Software Engineer,63,Other,High School,20,142312,266137,123825,87.0095283602226
Designer,37,Other,Bachelor,7,90277,133632,43355,48.024413748795375
Software Engineer,47,Female,High School,12,118293,228387,110094,93.06890517613046
Software Engineer,27,Female,PhD,2,178494,548464,369970,207.273073604715
Project Manager,48,Other,High School,12,83630,126801,43171,51.62142771732632
Product Manager,27,Other,PhD,4,183007,459889,276882,151.29585207123225
Software Engineer,55,Male,Master,25,211982,507390,295408,139.35522827409875
DevOps Engineer,39,Female,Bachelor,3,120411,236866,116455,96.71458587670561
Business Analyst,36,Other,PhD,2,111061,200305,89244,80.3558404840583
Data Engineer,40,Other,High School,3,107373,199200,91827,85.5214998183901
Project Manager,38,Male,PhD,6,115041,221070,106029,92.16627115550108
Software Engineer,27,Male,Master,1,162788,444224,281436,172.88497923679878
Product Manager,25,Other,PhD,3,153935,386832,232897,151.2956767466788
DevOps Engineer,49,Female,High School,12,123227,219642,96415,78.2417814277715
Data Engineer,64,Other,Bachelor,30,172926,344166,171240,99.02501648103814
Data Scientist,65,Other,PhD,38,215893,510043,294150,136.24804880195282
Consultant,51,Other,PhD,9,138443,290553,152110,109.87193285323202
Data Scientist,50,Male,High School,6,109568,195295,85727,78.2409097546729
Business Analyst,27,Female,High School,1,69122,104377,35255,51.004021874367055
DevOps Engineer,27,Other,High School,1,112129,211372,99243,88.50787931757172
Project Manager,58,Male,Bachelor,9,90990,144721,53731,59.05154412572811
Project Manager,24,Other,Master,1,97078,183947,86869,89.48371412678465
Software Engineer,25,Other,PhD,0,186339,572569,386230,207.27276630227703
Product Manager,27,Female,PhD,2,180184,452794,272610,151.29534253873817
DevOps Engineer,32,Other,Bachelor,10,139396,274213,134817,96.71511377657896
Consultant,35,Other,PhD,0,126479,275597,149118,117.8994141319903
Consultant,31,Other,High School,2,90482,148795,58313,64.44707234588095
Product Manager,51,Other,Master,24,158423,323791,165368,104.38383315553928
Project Manager,46,Other,PhD,9,137583,264389,126806,92.16691015605124
Consultant,51,Female,Bachelor,22,137713,239731,102018,74.08015220059109
Consultant,55,Other,Bachelor,9,100825,175516,74691,74.07984130919911
Product Manager,28,Female,High School,6,106872,192795,85923,80.39804626094768
Data Scientist,63,Male,PhD,17,172049,406462,234413,136.24781312300564
Software Engineer,56,Female,Master,25,216604,518453,301849,139.35522889697327
Consultant,63,Other,PhD,11,144601,303477,158876,109.87199258649663
DevOps Engineer,23,Female,Master,1,144275,349146,204871,142.00034656038815
Project Manager,61,Other,Master,11,109272,190221,80949,74.08027674061059
Software Engineer,38,Male,Master,3,162326,405969,243643,150.09487081551939
Product Manager,50,Female,Bachelor,14,147251,276410,129159,87.71349600342273
Business Analyst,31,Female,PhD,6,105287,189891,84604,80.35559945672304
Product Manager,36,Other,High School,3,98271,168259,69988,71.21938313439367
DevOps Engineer,63,Male,Master,20,186284,401429,215145,115.49301067187734
Business Analyst,41,Male,PhD,5,107957,194706,86749,80.3551413988903
Data Scientist,26,Female,Bachelor,3,133044,279352,146308,109.96963410601003
Data Engineer,34,Female,Master,10,173692,411192,237500,136.736291826912
DevOps Engineer,57,Other,Bachelor,8,114673,218308,103635,90.37436885753402
Data Engineer,36,Female,Bachelor,8,126301,260310,134009,106.10288121234194
DevOps Engineer,26,Female,Bachelor,3,134916,283282,148366,109.96916599958493
Product Manager,25,Female,Bachelor,0,129349,258038,128689,99.48975252997704
Consultant,28,Other,Bachelor,3,121343,229925,108582,89.48353015831157
Data Engineer,52,Male,High School,18,138547,249436,110889,80.0370993236952
Data Scientist,23,Female,Master,1,145938,353171,207233,142.00071263139142
Software Engineer,60,Female,PhD,30,236225,627343,391118,165.57011323949624
Software Engineer,42,Other,Master,3,155790,389623,233833,150.09499967905512
Data Scientist,38,Other,PhD,0,148269,365769,217500,146.69283531958806
Software Engineer,63,Male,Master,6,145647,348614,202967,139.3554278495266
Project Manager,47,Other,PhD,10,142019,272913,130894,92.16654109661383
Data Engineer,63,Other,PhD,26,214882,538329,323447,150.52307778222468
Data Scientist,51,Female,High School,19,119426,206964,87538,73.29894662803744
Consultant,31,Male,PhD,9,143263,312169,168906,117.89924823576222
Project Manager,63,Female,High School,36,100453,149232,48779,48.55902760494958
Designer,64,Female,High School,26,104802,144022,39220,37.422949943703365
Data Scientist,46,Female,PhD,1,151760,374382,222622,146.69346336320507
Consultant,30,Female,PhD,8,144418,314686,170268,117.899430818873
DevOps Engineer,22,Female,Master,0,153223,370800,217577,142.0002218988011
DevOps Engineer,48,Female,PhD,1,159561,393626,234065,146.69311423217454
Data Scientist,33,Other,High School,4,102532,182754,80222,78.24093941403659
Business Analyst,31,Male,PhD,4,111556,201197,89641,80.3551579475779
Data Scientist,33,Female,PhD,5,154729,381706,226977,146.6932507803967
DevOps Engineer,35,Female,High School,12,127724,227657,99933,78.241364191538
Consultant,57,Male,PhD,19,183130,384339,201209,109.87222191885546
Data Engineer,37,Male,Master,10,179652,425301,245649,136.736022977757
Product Manager,35,Other,PhD,6,143399,332534,189135,131.894225203802
Designer,44,Male,PhD,13,133809,226407,92598,69.20162320920117
Software Engineer,65,Female,High School,33,139533,260940,121407,87.0095246285825
DevOps Engineer,35,Other,Master,10,142560,319367,176807,124.02286756453422
Data Engineer,44,Other,High School,7,120225,223043,102818,85.52131420253691
DevOps Engineer,30,Male,Master,5,154267,345593,191326,124.02263607900588
Designer,26,Male,Bachelor,3,93673,144085,50412,53.817001697394126
Project Manager,41,Male,Master,11,107671,192822,85151,79.08443313427014
Business Analyst,45,Female,Master,10,110862,187580,76718,69.20134942541178
Data Engineer,24,Female,PhD,0,167920,482734,314814,187.4785612196284
Product Manager,38,Male,Master,1,132954,281766,148812,111.92743354844532
Designer,54,Male,PhD,2,118781,195890,77109,64.91694799673348
Product Manager,41,Male,Master,8,155049,328591,173542,111.92719720862436
Data Engineer,59,Other,Bachelor,26,159950,318341,158391,99.02532041262894
Consultant,43,Other,Bachelor,10,107074,191753,84679,79.08455834282833
DevOps Engineer,47,Female,PhD,15,188336,464612,276276,146.69314416787017
Business Analyst,49,Male,Master,8,95756,162021,66265,69.20192990517565
Data Engineer,33,Other,PhD,6,164620,431858,267238,162.33628963673917
Designer,40,Other,Bachelor,5,88868,131546,42678,48.024035648377364
Designer,49,Female,High School,0,80725,112775,32050,39.70269433261072
Project Manager,28,Female,Master,2,121154,229567,108413,89.48363240173663
DevOps Engineer,59,Female,High School,11,107407,186135,78728,73.298760788403
Product Manager,45,Female,High School,15,107856,184670,76814,71.21903278445333
Consultant,25,Female,High School,2,102340,176642,74302,72.6030877467266
Business Analyst,32,Female,Bachelor,5,84999,132000,47001,55.295944658172445
Business Analyst,47,Other,Bachelor,24,97171,150903,53732,55.29633326815614
Data Engineer,35,Female,High School,2,106971,198454,91483,85.52130951379345
Software Engineer,51,Female,Master,19,188734,451745,263011,139.355389066093
Project Manager,59,Other,High School,37,95074,141241,46167,48.559017186612536
Consultant,43,Other,Bachelor,16,136800,244987,108187,79.08406432748538
Consultant,28,Female,Bachelor,4,106165,201165,95000,89.48335138699196
DevOps Engineer,65,Male,High School,33,118106,204677,86571,73.29940900546966
DevOps Engineer,47,Female,Master,3,144212,323068,178856,124.02296618866669
Data Scientist,56,Male,High School,7,98130,170058,71928,73.29868541730357
Data Engineer,64,Female,PhD,26,219116,548937,329821,150.523467022034
Consultant,37,Male,Bachelor,2,91912,164600,72688,79.08434154408565
DevOps Engineer,60,Male,High School,25,125813,218033,92220,73.2992616025371
Consultant,51,Female,PhD,21,173796,364749,190953,109.87191880135332
DevOps Engineer,28,Female,Bachelor,4,123278,258846,135568,109.96933759470464
Business Analyst,27,Male,Bachelor,5,92625,150159,57534,62.114979757085024
Project Manager,58,Other,Bachelor,17,103482,164590,61108,59.051815774724105
Product Manager,63,Male,Bachelor,32,135415,246541,111126,82.06328693276225
Designer,60,Other,Bachelor,8,100674,146180,45506,45.20134294852693
Business Analyst,64,Male,High School,14,79231,113215,33984,42.89230225543032
Business Analyst,39,Female,High School,2,63423,92313,28890,45.55129842486164
Data Scientist,58,Female,PhD,32,224179,529618,305439,136.24781982255251
DevOps Engineer,25,Female,Master,0,148209,358667,210458,142.00082316188625
Project Manager,65,Female,Bachelor,5,84694,134707,50013,59.051408600373115
Business Analyst,37,Male,High School,14,82270,119745,37475,45.551233742555006
Data Engineer,30,Male,Master,5,138429,327711,189282,136.73579957956787
Business Analyst,53,Female,High School,26,83508,119327,35819,42.892896488959146
Business Analyst,28,Other,Bachelor,4,80409,130355,49946,62.1149373826313
Data Engineer,49,Female,Master,14,183703,434891,251188,136.73592701262365
Designer,40,Male,High School,2,73378,102511,29133,39.702635667366245
Business Analyst,25,Other,Bachelor,2,78284,126910,48626,62.11486382913495
Project Manager,24,Male,Master,0,106822,202410,95588,89.48343974087734
Product Manager,36,Other,High School,6,90844,155542,64698,71.21879265554136
Consultant,58,Male,Bachelor,0,87188,151777,64589,74.08014864430885
Project Manager,46,Male,PhD,17,135165,259742,124577,92.16661117892946
Software Engineer,35,Female,PhD,8,178876,498826,319950,178.86692457344753
Business Analyst,26,Female,Master,2,95503,170065,74562,78.07294011706438
Data Scientist,49,Other,Master,18,173456,388581,215125,124.02280693662946
Consultant,25,Male,PhD,1,157955,370860,212905,134.78838909816088
Data Engineer,37,Female,Bachelor,7,128784,265427,136643,106.10246614486272
Product Manager,39,Female,High School,14,109713,187850,78137,71.21945439464785
Business Analyst,33,Female,High School,1,68019,99003,30984,45.55197812375954
Business Analyst,56,Other,Master,25,130957,215970,85013,64.91672839176218
Designer,22,Male,High School,0,78039,112661,34622,44.36499698868515
Business Analyst,40,Other,Bachelor,17,106740,165763,59023,55.29604646805322
Software Engineer,58,Other,Master,25,210150,503005,292855,139.3552224601475
Data Engineer,34,Female,PhD,6,179788,471650,291862,162.33675217478364
Designer,29,Other,PhD,3,139957,249226,109269,78.07326536007488
Designer,61,Female,High School,20,107649,147934,40285,37.42254921086122
Software Engineer,44,Other,Bachelor,10,149780,323363,173583,115.89197489651488
Data Scientist,54,Other,Master,20,174567,376179,201612,115.49261887985702
Business Analyst,65,Male,Master,17,104697,172663,67966,64.91685530626474
Project Manager,28,Female,Master,1,99831,189163,89332,89.48322665304364
Designer,52,Male,Master,20,142036,221847,79811,56.190684051930496
Software Engineer,49,Male,Master,16,197455,493825,296370,150.09495834493936
Data Scientist,62,Female,High School,5,107793,186804,79011,73.29882274359188
Designer,32,Male,Bachelor,1,94355,139668,45313,48.02395209580838
Business Analyst,54,Other,High School,23,77655,110963,33308,42.8922799562166
Software Engineer,45,Male,PhD,12,190981,532583,341602,178.8670077128091
Software Engineer,64,Male,PhD,33,243078,645543,402465,165.57031076444596
Data Scientist,44,Other,High School,18,129998,231710,101712,78.24120371082633
Designer,22,Male,Master,0,108327,181215,72888,67.2851643634551
Software Engineer,39,Other,Bachelor,1,120833,260869,140036,115.89218177153593
Designer,27,Female,High School,0,74280,107234,32954,44.364566505115775
Business Analyst,31,Female,Master,8,100396,169872,69476,69.20196023745966
Project Manager,30,Male,PhD,3,117900,226564,108664,92.16624257845632
Consultant,47,Male,High School,3,81589,134171,52582,64.4474132542377
Data Engineer,26,Male,High School,3,120990,238283,117293,96.94437556822878
Data Scientist,25,Male,High School,1,109856,207087,97231,88.50768278473639
Consultant,30,Other,PhD,4,124684,271686,147002,117.89965031599885
Product Manager,34,Female,High School,3,96498,165223,68725,71.21909262368132
Product Manager,28,Male,Bachelor,1,122062,243501,121439,99.48960364404974
Business Analyst,42,Other,Master,13,110541,187037,76496,69.2014727567147
Product Manager,46,Other,Master,17,163050,345548,182498,111.92762956148421
Business Analyst,23,Male,High School,0,73341,110748,37407,51.00421319589316
Business Analyst,27,Female,PhD,2,113708,217131,103423,90.95490202976045
Data Scientist,41,Female,Master,4,137623,308307,170684,124.02287408354708
Data Engineer,37,Other,Bachelor,15,161736,333343,171607,106.10315576000396
DevOps Engineer,65,Male,Master,34,197098,424732,227634,115.49280053577408
Software Engineer,57,Female,Master,6,141451,338570,197119,139.35497097934976
Software Engineer,61,Other,High School,7,101240,189328,88088,87.0090873172659
DevOps Engineer,38,Female,Master,12,178930,400844,221914,124.02280221315598
Data Scientist,27,Male,PhD,1,181446,487799,306353,168.83976499895286
Consultant,45,Male,Master,10,137089,274758,137669,100.42308281481374
Data Engineer,49,Female,Bachelor,2,114114,235192,121078,106.102669260564
Data Engineer,60,Male,Bachelor,29,171871,342066,170195,99.02485003287349
Data Engineer,28,Female,PhD,0,191140,549487,358347,187.4788113424715
Project Manager,25,Female,PhD,2,135425,277173,141748,104.66900498430867
Designer,48,Other,High School,0,71895,100439,28544,39.70234369566729
Designer,62,Other,Master,10,120388,188035,67647,56.190816360434596
Software Engineer,57,Other,Bachelor,16,149303,310592,161289,108.02796996711386
Product Manager,56,Other,PhD,13,175477,390803,215326,122.70895900887295
Software Engineer,39,Other,PhD,17,208670,581912,373242,178.86711074902956
Data Scientist,27,Other,Master,2,156418,378532,222114,142.00028129754887
DevOps Engineer,24,Other,Master,1,161198,390100,228902,142.00052109827666
Consultant,53,Male,Bachelor,31,118463,206220,87757,74.07967044562437
Software Engineer,55,Male,High School,14,120489,225326,104837,87.00960253633112
Consultant,39,Female,High School,6,99257,163225,63968,64.4468400213587
Consultant,29,Female,Bachelor,2,105309,199543,94234,89.48333000978074
Software Engineer,46,Female,High School,23,148101,285937,137836,93.06891918353017
DevOps Engineer,43,Male,High School,2,104923,187016,82093,78.24118639383167
Data Scientist,64,Male,Bachelor,16,131784,250883,119099,90.3744005342075
Business Analyst,60,Male,Bachelor,33,109524,166460,56936,51.984953069646835
Software Engineer,26,Male,Master,4,185465,506106,320641,172.88491089963065
Data Engineer,61,Male,High School,8,105968,190782,84814,80.03736977200664
Consultant,64,Male,Bachelor,35,133463,232332,98869,74.07970748447134
Designer,50,Female,Bachelor,5,99811,147744,47933,48.023764915690656
Software Engineer,22,Other,Bachelor,0,124920,290349,165429,132.4279538904899
Software Engineer,39,Male,PhD,10,203887,568574,364687,178.86721566357835
Software Engineer,62,Female,PhD,35,250891,666292,415401,165.57030742433966
Data Scientist,63,Female,Master,23,164300,354055,189755,115.49300060864273
Project Manager,34,Female,Bachelor,0,80689,131433,50744,62.888373879958856
Business Analyst,38,Female,High School,14,87779,127764,39985,45.5518973786441
Designer,55,Female,Master,3,115010,179635,64625,56.19076602034606
Project Manager,28,Female,Bachelor,5,93771,160174,66403,70.81400432969681
Software Engineer,64,Female,PhD,28,235377,625091,389714,165.57012792243933
Consultant,33,Other,Master,9,127383,255305,127922,100.42313338514559
Data Engineer,59,Other,Bachelor,7,119757,238346,118589,99.02469166729293
Software Engineer,28,Other,High School,2,115011,236600,121589,105.71945292189442
Consultant,51,Other,Master,28,167676,324944,157268,93.79279085856056
DevOps Engineer,62,Male,Bachelor,33,163502,311265,147763,90.37381805727148
Data Scientist,38,Female,Master,5,142784,319869,177085,124.02299977588524
Consultant,43,Female,Master,2,124193,248911,124718,100.42272913932347
Data Engineer,56,Female,High School,0,100804,181484,80680,80.03650648783778
Designer,22,Male,High School,0,75452,108926,33474,44.36462916821291
Product Manager,61,Other,PhD,25,192346,428372,236026,122.70907635199069
Software Engineer,64,Female,PhD,16,220455,585463,365008,165.57029779320044
Business Analyst,28,Male,Master,3,100510,178981,78471,78.07282857427121
DevOps Engineer,37,Female,Bachelor,6,127981,251757,123776,96.71435603722428
Data Scientist,38,Female,Bachelor,4,129169,254094,124925,96.71438193374571
Designer,41,Male,PhD,0,106849,180790,73941,69.20139636309185
Product Manager,40,Female,Bachelor,17,135491,254335,118844,87.71357507140695
Software Engineer,47,Other,Master,12,194832,487265,292433,150.09495360105117
Software Engineer,48,Male,Master,24,212902,532457,319555,150.09487933415375
Data Scientist,54,Female,Master,15,182284,392809,210525,115.49285729959844
Business Analyst,50,Female,PhD,25,155053,279647,124594,80.35574932442455
Data Engineer,55,Male,Master,32,208175,472853,264678,127.14206797165846
Business Analyst,53,Other,Master,30,131618,217061,85443,64.91741251196645
Business Analyst,35,Male,High School,3,69408,101025,31617,45.552385892116185
Business Analyst,47,Other,Bachelor,1,79388,123287,43899,55.29677029273946
Product Manager,54,Male,Bachelor,9,128716,234344,105628,82.06283601106311
Data Engineer,53,Male,PhD,14,198574,497474,298900,150.52323063442344
Software Engineer,23,Female,PhD,0,167581,514931,347350,207.27290086584995
Business Analyst,46,Other,High School,22,88311,128538,40227,45.55151679858681
Software Engineer,46,Female,Master,4,154200,385646,231446,150.09468223086898
Product Manager,45,Male,Bachelor,7,112686,211527,98841,87.7136467706725
Software Engineer,23,Male,High School,1,114074,234673,120599,105.71997124673457
Project Manager,38,Male,High School,15,89842,136219,46377,51.62062287126289
Product Manager,50,Female,High School,23,118018,202070,84052,71.21964446101443
Software Engineer,41,Female,Bachelor,4,134819,291064,156245,115.89241872436378
Software Engineer,50,Female,High School,3,120252,232169,111917,93.06872234973223
DevOps Engineer,64,Other,PhD,8,157560,372232,214672,136.24777862401623
Product Manager,47,Other,Master,19,173441,367569,194128,111.9273989425799
Software Engineer,24,Male,Bachelor,1,145874,339052,193178,132.4279857959609
Data Engineer,33,Male,High School,0,94078,174535,80457,85.52158846914263
Data Engineer,47,Male,Master,2,157463,372772,215309,136.7362491505941
DevOps Engineer,28,Female,High School,5,120973,228044,107071,88.50817951113058
Project Manager,22,Female,High School,0,69448,109670,40222,57.91671466420919
Designer,29,Female,PhD,4,138053,245836,107783,78.07363838525784
Designer,62,Other,PhD,13,138610,228592,89982,64.91739412740783
Business Analyst,41,Female,High School,2,73945,107628,33683,45.55142335519643
Data Scientist,33,Female,Bachelor,9,133059,261747,128688,96.71499109417627
Project Manager,65,Female,Bachelor,25,110708,176083,65375,59.05173971167395
DevOps Engineer,63,Female,PhD,8,162177,383140,220963,136.2480499700944
Business Analyst,23,Female,High School,1,78166,118034,39868,51.004272957551876
Data Engineer,57,Female,Master,13,170967,388338,217371,127.14208005053607
Data Scientist,27,Male,PhD,4,190439,511976,321537,168.83989098871555
Designer,51,Other,Bachelor,20,110644,160657,50013,45.201728064784355
Business Analyst,27,Other,PhD,3,126784,242100,115316,90.95469459868754
Product Manager,26,Other,PhD,2,154836,389096,234260,151.2955643390426
Data Engineer,44,Male,Bachelor,20,162138,334171,172033,106.10282598773884
Data Engineer,38,Female,High School,7,109618,203365,93747,85.52153843346896
Designer,45,Female,PhD,2,117009,197981,80972,69.2015144134212
Business Analyst,33,Female,Bachelor,5,84614,131402,46788,55.29581393150069
Data Scientist,38,Female,High School,16,133237,237484,104247,78.241779685823
Data Engineer,25,Other,High School,1,102354,201581,99227,96.94491666178166
Product Manager,25,Male,Bachelor,1,123173,245718,122545,99.490148003215
Data Scientist,31,Male,PhD,1,141890,350033,208143,146.6932130523645
Data Engineer,33,Other,Master,8,157130,371983,214853,136.73582384013235
Product Manager,42,Female,PhD,19,189849,440249,250400,131.8942949396626
DevOps Engineer,33,Female,High School,5,110151,196335,86184,78.24168641228859
Designer,51,Female,High School,6,84580,116232,31652,37.42255852447387
Business Analyst,22,Male,Master,0,103448,184213,80765,78.07304152811074
Designer,65,Male,Bachelor,21,109739,159343,49604,45.20179699104238
Business Analyst,27,Female,Bachelor,0,86228,139788,53560,62.1143943962518
Designer,31,Other,PhD,7,143176,242256,99080,69.20154215790356
Project Manager,60,Male,Bachelor,23,107010,170202,63192,59.052425007008694
Data Scientist,53,Male,PhD,11,163155,385450,222295,136.2477398792559
Consultant,53,Female,PhD,9,148895,312489,163594,109.87205749017764
Business Analyst,61,Male,Bachelor,22,92786,141021,48235,51.98521328648719
Business Analyst,42,Male,PhD,1,98367,177410,79043,80.35520042290607
Software Engineer,41,Female,High School,2,116008,223975,107967,93.06858147713952
Designer,45,Female,Bachelor,7,91061,134792,43731,48.02385214306893
Product Manager,32,Other,Bachelor,1,117168,219940,102772,87.71336883790795
DevOps Engineer,34,Other,High School,7,106956,190640,83684,78.24151987733273
Data Engineer,51,Male,Bachelor,18,139708,278054,138346,99.02510951412947
Designer,33,Male,PhD,7,128699,217761,89062,69.2017808996185
Consultant,26,Female,PhD,1,148136,347806,199670,134.78830264081654
Data Engineer,47,Other,High School,7,112754,209183,96429,85.52157794845415
Data Scientist,34,Female,Master,4,148412,332477,184065,124.02299005471255
Data Scientist,28,Male,Master,1,158499,383568,225069,142.00026498589898
Business Analyst,30,Female,PhD,4,112369,202664,90295,80.35579207788625
DevOps Engineer,36,Male,High School,9,109807,195721,85914,78.24091360295792
Business Analyst,36,Other,PhD,3,112829,203493,90664,80.35522782263426
Software Engineer,65,Other,PhD,25,238790,634155,395365,165.5701662548683
Business Analyst,48,Male,High School,6,67245,97876,30631,45.55134210721987
Business Analyst,25,Female,Master,3,108438,193099,84661,78.07318467695826
Product Manager,65,Male,Bachelor,11,118826,216338,97512,82.06284819820578
Software Engineer,33,Male,PhD,4,189419,528227,338808,178.86695632433916
Designer,26,Other,PhD,1,139960,249231,109271,78.07302086310375
Business Analyst,35,Male,Bachelor,10,97887,152015,54128,55.29641321115163
DevOps Engineer,28,Male,High School,0,108307,204167,95860,88.50766801776432
Data Engineer,36,Other,Bachelor,5,121700,250827,129127,106.10271158586689
Data Engineer,31,Other,Bachelor,5,138718,285902,147184,106.10302916708719
Data Scientist,44,Male,PhD,11,171713,423604,251891,146.69302848357432
Product Manager,39,Male,Master,10,164738,349125,184387,111.92742415229031
Consultant,62,Female,Master,13,136229,264002,127773,93.7928047625689
Consultant,36,Male,Master,11,131523,263602,132079,100.42273974894125
DevOps Engineer,63,Female,High School,0,84585,146585,62000,73.29904829461489
Software Engineer,48,Other,PhD,23,233049,649897,416848,178.86710520105214
Designer,59,Female,Master,22,137112,214156,77044,56.19055954256375
Software Engineer,25,Male,Master,2,156710,427638,270928,172.88494671686553
Software Engineer,52,Other,PhD,14,191801,509366,317565,165.57004395180422
Project Manager,64,Other,PhD,33,161036,299812,138776,86.17700389974912
Software Engineer,37,Female,PhD,8,203094,566362,363268,178.86692861433622
DevOps Engineer,65,Female,PhD,29,227338,537081,309743,136.24778963481688
Designer,33,Female,High School,6,74786,104478,29692,39.702618137084485
DevOps Engineer,44,Other,Master,21,187599,420265,232666,124.02304916337508
Business Analyst,42,Male,PhD,14,129671,233869,104198,80.355669347811
Product Manager,51,Other,High School,12,98673,164576,65903,66.78929393045718
DevOps Engineer,65,Other,PhD,6,142505,336665,194160,136.24785095259816
Product Manager,55,Other,PhD,1,133042,296296,163254,122.70861833105336
Consultant,26,Other,High School,1,89882,155139,65257,72.6029683362631
Designer,42,Other,Master,7,107550,171879,64329,59.81311018131101
Software Engineer,42,Female,Master,20,188326,470994,282668,150.0950479487697
Software Engineer,52,Female,High School,19,139284,260474,121190,87.0092760116022
Designer,40,Other,Master,3,109459,174930,65471,59.81326341369828
Project Manager,50,Female,High School,10,83823,127093,43270,51.62067690252079
Designer,28,Male,High School,1,80859,116732,35873,44.364882078680175
Project Manager,41,Other,Bachelor,5,84105,136998,52893,62.8892455858748
Product Manager,39,Male,PhD,14,173549,402451,228902,131.8947386617036
Data Engineer,22,Male,PhD,0,173767,499543,325776,187.47863518389568
Product Manager,61,Male,Master,2,130214,266136,135922,104.38355322776354
Designer,41,Other,High School,19,92034,128574,36540,39.70271856053198
Data Scientist,44,Other,High School,5,99453,177266,77813,78.24097815048314
Software Engineer,38,Male,Master,1,159736,399492,239756,150.09515700906496
Project Manager,63,Female,Master,19,135772,236352,100580,74.08007542055799
Data Scientist,57,Female,Master,18,182065,392337,210272,115.49281849888774
Business Analyst,28,Male,Bachelor,0,88813,143979,55166,62.114780493846624
Project Manager,46,Female,High School,4,68282,103530,35248,51.621217890512874
DevOps Engineer,30,Male,PhD,3,158788,391719,232931,146.69307504345417
Product Manager,40,Female,Bachelor,11,121079,227281,106202,87.71298078114289
Project Manager,44,Other,Master,16,136749,244896,108147,79.08430774630894
Consultant,56,Male,Master,21,161188,312371,151183,93.79296225525474
DevOps Engineer,22,Male,High School,0,97419,183643,86224,88.50840185179483
Business Analyst,39,Female,PhD,15,146795,264753,117958,80.35559794270922
Data Scientist,50,Other,Master,17,189897,425413,235516,124.02302300720918
Designer,55,Female,Master,6,108235,169053,60818,56.190696170370025
Designer,30,Other,Master,8,112260,179406,67146,59.812934259754144
Data Engineer,26,Female,Master,3,170366,437884,267518,157.0254628270899
Business Analyst,49,Male,PhD,11,115140,207661,92521,80.35521973249956
Designer,41,Other,Master,5,103367,165194,61827,59.813093153520946
Project Manager,28,Male,High School,0,68036,107440,39404,57.91639720148157
Product Manager,63,Female,PhD,37,214736,478236,263500,122.70881454437077
Business Analyst,31,Female,Bachelor,9,95439,148213,52774,55.296052976246614
Business Analyst,52,Male,Bachelor,18,98978,150432,51454,51.98528966032856
Business Analyst,55,Other,Master,5,93901,154859,60958,64.91730652495713
Data Engineer,65,Female,Bachelor,14,129238,257216,127978,99.0250545505192
Data Scientist,53,Female,High School,2,102475,177588,75113,73.29885337887289
Designer,24,Other,Bachelor,0,87873,135163,47290,53.81630307375417
Software Engineer,23,Male,Master,1,148305,404702,256397,172.88493307710462
Project Manager,40,Female,High School,4,78240,118628,40388,51.620654396728014
Consultant,40,Male,Master,5,137349,275279,137930,100.42300999643246
Data Engineer,58,Male,Master,34,183728,417324,233596,127.14229730906557
Consultant,25,Male,PhD,1,153820,361152,207332,134.78871408139383
Designer,56,Male,High School,16,94253,129525,35272,37.42268150615896
Consultant,49,Female,High School,10,106077,174440,68363,64.44658125701142
Designer,24,Other,Master,2,124064,207541,83477,67.28543332473562
Project Manager,60,Other,High School,12,75700,112459,36759,48.55878467635403
Product Manager,31,Male,High School,0,87407,149657,62250,71.21855228986237
Designer,56,Male,PhD,2,107947,178023,70076,64.91704262276858
Business Analyst,63,Female,High School,33,89495,127882,38387,42.892899044639364
Business Analyst,27,Female,High School,0,66156,99898,33742,51.003688252010406
DevOps Engineer,37,Female,High School,8,111823,199315,87492,78.2415066667859
Business Analyst,32,Male,High School,5,73036,106305,33269,45.551508844953176
Designer,43,Female,Bachelor,19,110407,163429,53022,48.02412890487016
Software Engineer,54,Male,High School,21,144497,270223,125726,87.0094188806688
Product Manager,59,Female,Master,36,178350,364519,186169,104.38407625455565
Data Scientist,37,Male,Master,5,147669,330812,183143,124.02264524036866
Data Scientist,51,Female,PhD,12,177262,418778,241516,136.24803962496193
Product Manager,60,Male,Master,19,169350,346124,176774,104.38382049010923
Business Analyst,59,Other,Bachelor,4,83767,127313,43546,51.98467176811871
Data Scientist,53,Other,High School,25,126752,219660,92908,73.29904064630144
Data Engineer,60,Male,High School,3,97725,175941,78216,80.03683806600154
Project Manager,32,Male,PhD,0,118761,228219,109458,92.1666203551671
Software Engineer,52,Other,High School,5,116728,218292,101564,87.00911520800494
DevOps Engineer,39,Other,Master,0,132375,296550,164175,124.02266288951841
Data Engineer,22,Other,Master,0,164302,422298,257996,157.0254774744069
Designer,23,Other,PhD,1,117528,209286,91758,78.07331018991219
Product Manager,55,Female,High School,30,128938,215055,86117,66.78946470396625
DevOps Engineer,27,Male,Bachelor,0,132641,278506,145865,109.96976802044615
Product Manager,42,Female,Bachelor,12,138103,259238,121135,87.71351817122003
Project Manager,36,Female,High School,10,76615,116164,39549,51.62043986164589
Product Manager,52,Other,Master,12,146915,300270,153355,104.38348705033522
Business Analyst,23,Male,Master,1,105762,188334,82572,78.07341010949112
Designer,32,Male,Bachelor,7,91922,136067,44145,48.02441200147952
Product Manager,42,Female,Master,7,158558,336028,177470,111.92749656277199
Product Manager,52,Female,PhD,17,178254,396987,218733,122.7086068194823
Consultant,47,Female,Master,9,139472,279534,140062,100.42302397613858
DevOps Engineer,58,Male,PhD,21,215961,510203,294242,136.24774843606022
Consultant,37,Male,PhD,5,128350,279674,151324,117.89949357226335
Designer,54,Female,Master,8,109700,171341,61641,56.19051959890611
Project Manager,50,Female,High School,18,89808,136168,46360,51.6212364154641
Project Manager,26,Male,Master,1,101375,192089,90714,89.48360049321825
DevOps Engineer,23,Other,High School,0,108182,203932,95750,88.50825460797545
Software Engineer,63,Female,Master,24,182513,436855,254342,139.35555275514622
Data Engineer,27,Male,Bachelor,4,144310,318841,174531,120.94172268034093
Data Scientist,33,Female,Master,5,155435,348210,192775,124.02290346447067
Business Analyst,22,Male,PhD,0,107235,204770,97535,90.95444584324149
Software Engineer,51,Male,High School,8,104905,196182,91277,87.0091987989133
Business Analyst,65,Female,Master,25,123865,204275,80410,64.91745045008679
Project Manager,56,Female,Master,23,131644,229166,97522,74.08009480113033
Project Manager,38,Other,PhD,14,128750,247415,118665,92.16699029126214
Consultant,22,Other,Bachelor,0,109825,208100,98275,89.4832688367858
Data Engineer,26,Other,PhD,2,165721,476413,310692,187.4789555940406
Data Scientist,62,Other,Bachelor,22,157159,299190,142031,90.37407975362531
Business Analyst,47,Other,Master,0,82862,140204,57342,69.20180541140691
Data Scientist,28,Other,High School,3,110016,207389,97373,88.50803519488075
Product Manager,22,Male,PhD,0,154960,389408,234448,151.29581827568407
Data Engineer,57,Female,PhD,24,214251,536749,322498,150.52345146580413
Data Engineer,43,Male,High School,10,122781,227785,105004,85.5213754571147
Product Manager,39,Male,High School,17,110616,189396,78780,71.21935343892385
Data Scientist,42,Female,Bachelor,3,123277,242504,119227,96.7147156403871
Business Analyst,50,Other,Master,21,118159,199927,81768,69.20166893761795
Software Engineer,30,Other,PhD,0,151101,421371,270270,178.867115373161
DevOps Engineer,35,Female,PhD,10,188512,465046,276534,146.69304871838398
Business Analyst,41,Other,Bachelor,1,70487,109464,38977,55.29672138124761
Data Engineer,39,Male,Master,15,177546,420315,242769,136.7358318407624
Business Analyst,33,Other,Bachelor,2,79145,122909,43764,55.29597574072904
Software Engineer,63,Male,High School,8,115193,215422,100229,87.00962732110457
DevOps Engineer,30,Female,PhD,8,158264,390426,232162,146.69286761360766
Data Scientist,36,Male,Bachelor,5,126309,248468,122159,96.71440673269521
DevOps Engineer,65,Female,Bachelor,38,150402,286326,135924,90.37379822076834
Data Engineer,63,Female,Master,37,179390,407470,228080,127.14198115837003
Data Scientist,41,Other,Bachelor,15,157281,309395,152114,96.714797082928
Designer,35,Other,High School,0,78975,110330,31355,39.70243748021526
Product Manager,65,Female,PhD,4,137537,306307,168770,122.70879835971411
Consultant,24,Male,Bachelor,1,100476,190385,89909,89.48306063139457
Data Engineer,51,Male,Bachelor,8,122731,244265,121534,99.02469628700166
Data Engineer,34,Male,Bachelor,6,141323,291271,149948,106.10304055249323
Business Analyst,23,Male,Master,0,91943,163726,71783,78.073371545414
Data Scientist,34,Female,PhD,4,161816,399189,237373,146.69315766055274
Project Manager,46,Other,Master,1,100608,180173,79565,79.08416825699746
Business Analyst,24,Female,Master,0,91576,163072,71496,78.07285751725342
Consultant,27,Male,Bachelor,2,106295,201411,95116,89.48304247612776
Software Engineer,57,Male,Bachelor,1,110438,229742,119304,108.02803382893569
Data Scientist,42,Female,Bachelor,3,109264,214938,105674,96.71437985063699
Designer,51,Other,High School,17,89127,122480,33353,37.421881135907185
Project Manager,30,Male,Bachelor,2,89050,145053,56003,62.8893879842785
Consultant,32,Male,Master,7,134893,270356,135463,100.42255713787964
Project Manager,48,Female,PhD,18,150356,288934,138578,92.16659129000504
Business Analyst,54,Male,PhD,18,140704,246594,105890,75.25727768933363
Software Engineer,28,Other,Master,1,151159,412490,261331,172.88484311221958
Project Manager,49,Female,High School,20,103511,156944,53433,51.62060070910338
Product Manager,34,Other,Bachelor,11,132436,248600,116164,87.71331058020478
Business Analyst,39,Other,High School,17,77834,113289,35455,45.552072359123265
Business Analyst,22,Female,High School,0,66243,100029,33786,51.003124858475616
Data Scientist,59,Female,High School,23,130614,226353,95739,73.2991869171758
Consultant,38,Female,PhD,5,153442,334349,180907,117.89927138593083
Designer,60,Female,Bachelor,11,103128,149744,46616,45.20207896982391
Designer,28,Other,Master,1,124284,207909,83625,67.28541083325287
Product Manager,30,Female,High School,3,94689,162126,67437,71.21946583024427
Data Scientist,55,Female,Master,2,121962,262819,140857,115.49253046030732
Project Manager,40,Female,Master,2,100407,179813,79406,79.08412760066528
Consultant,24,Male,PhD,2,140539,329969,189430,134.78820825535973
DevOps Engineer,48,Male,High School,17,115278,205473,90195,78.24129495653985
Consultant,37,Male,Bachelor,15,116601,208814,92213,79.08422740799821
Designer,50,Other,PhD,2,122568,207387,84819,69.20158605835128
Consultant,53,Female,Master,31,154281,298986,144705,93.7931436793902
Project Manager,59,Female,Master,30,143663,250089,106426,74.08031295462297
Data Engineer,46,Female,Bachelor,15,138609,285677,147068,106.10277831886819
Data Engineer,39,Female,Bachelor,8,139435,287379,147944,106.1024850288665
Product Manager,42,Male,High School,9,97717,167310,69593,71.2189281291894
Business Analyst,38,Male,PhD,7,111765,201574,89809,80.35520959155372
Data Engineer,33,Other,PhD,1,148882,390572,241690,162.33661557475048
Designer,26,Female,Master,0,124535,208329,83794,67.28550206769182
Product Manager,23,Other,Master,1,154517,351944,197427,127.77040713966747
Business Analyst,58,Female,Bachelor,27,105048,159657,54609,51.984806945396386
Business Analyst,61,Female,High School,26,95972,137137,41165,42.89271870962364
Business Analyst,26,Male,High School,3,74956,113186,38230,51.00325524307594
DevOps Engineer,59,Male,Master,19,179435,386669,207234,115.4925181820715
Data Scientist,27,Female,High School,0,97550,183889,86339,88.50743208610969
Software Engineer,26,Other,High School,4,114221,234975,120754,105.71961373127535
Consultant,56,Other,High School,11,98503,158098,59595,60.500695410292074
Data Scientist,34,Other,Bachelor,8,135349,266251,130902,96.71441975928894
Data Engineer,41,Male,PhD,4,166159,435896,269737,162.3366775197251
Designer,41,Female,High School,15,87937,122850,34913,39.702286864459786
Business Analyst,53,Female,High School,29,85026,121496,36470,42.89276221391104
Consultant,44,Female,PhD,17,179609,391367,211758,117.89943711061251
Data Scientist,26,Male,Master,0,152841,369876,217035,142.00051033426894
Data Scientist,28,Female,High School,3,113282,213546,100264,88.50832435868011
Business Analyst,47,Other,PhD,17,134406,242409,108003,80.35578768804965
Product Manager,54,Other,Bachelor,24,132910,241980,109070,82.06305018433527
Business Analyst,38,Other,High School,13,80795,117599,36804,45.55232378241228
Data Engineer,34,Other,High School,1,99511,184614,85103,85.5211986614545
Software Engineer,30,Female,Master,0,159645,399264,239619,150.09489805505967
Designer,48,Other,High School,5,84147,117555,33408,39.70195015865093
Product Manager,25,Male,Bachelor,1,111656,222742,111086,99.48950347495881
Product Manager,37,Other,Master,9,138883,294331,155448,111.92730571776244
Software Engineer,37,Other,PhD,2,169966,473979,304013,178.86694986056034
Project Manager,42,Other,Bachelor,17,103528,168636,65108,62.889266671818255
Software Engineer,27,Male,PhD,2,194947,599019,404072,207.27274592581574
Data Scientist,59,Male,High School,2,92179,159745,67566,73.29869059113247
Business Analyst,22,Other,High School,0,76370,115322,38952,51.00432106848238
Data Scientist,47,Other,Master,24,176125,394560,218435,124.02271114265437
Designer,52,Female,Master,23,131155,204852,73697,56.19076665014677
Software Engineer,45,Female,Bachelor,12,154303,333128,178825,115.89210838415325
Consultant,39,Female,Master,4,130665,261882,131217,100.4224543680404
Data Engineer,63,Female,PhD,21,192426,482072,289646,150.52331805473273
Product Manager,64,Other,PhD,10,171364,381643,210279,122.7089703788427
Business Analyst,44,Female,PhD,18,130657,235647,104990,80.35543445816144
Product Manager,50,Other,High School,17,112299,192277,79978,71.21879981121828
Data Scientist,25,Other,PhD,1,181052,486740,305688,168.8398913019464
Business Analyst,32,Female,Master,7,114721,194110,79389,69.20180263421692
Project Manager,58,Other,High School,17,80818,120062,39244,48.55848944542058
Data Scientist,31,Female,Bachelor,2,128206,252200,123994,96.71466234029609
Data Engineer,35,Other,High School,7,104466,193807,89341,85.52160511553998
Business Analyst,31,Male,High School,2,68496,99697,31201,45.551565054893715
Product Manager,44,Female,PhD,12,193224,448076,254852,131.8945886639341
Project Manager,56,Male,High School,20,83967,124740,40773,48.55836221372682
Software Engineer,38,Other,PhD,10,181162,505201,324039,178.86698093419147
Designer,24,Female,Bachelor,0,92159,141756,49597,53.81677318547293
Business Analyst,53,Male,High School,6,62541,89366,26825,42.89186293791273
Software Engineer,27,Female,PhD,2,173526,533198,359672,207.2726853612715
Data Scientist,45,Male,PhD,5,172587,425760,253173,146.6929722400876
Designer,39,Male,Bachelor,11,95271,141024,45753,48.02405768806877
Project Manager,44,Other,PhD,20,163902,314965,151063,92.16666056545985
Designer,50,Other,Bachelor,9,95456,141298,45842,48.0242205833054
Data Scientist,49,Female,Bachelor,23,164535,323665,159130,96.71498465372109
Designer,29,Male,High School,3,81727,117985,36258,44.36477541081894
Product Manager,55,Male,High School,29,123011,205169,82158,66.78914893789987
Consultant,28,Female,High School,6,99573,171866,72293,72.60301487350989
Business Analyst,49,Other,Bachelor,13,88384,137257,48873,55.2962074583635
Designer,39,Female,PhD,11,139659,236306,96647,69.20212804044135
Business Analyst,24,Male,Bachelor,2,83805,135860,52055,62.11443231310781
DevOps Engineer,61,Other,Master,2,127564,274891,147327,115.49261547144962
Business Analyst,55,Other,High School,18,86325,123352,37027,42.8925571966406
Data Engineer,63,Male,Bachelor,24,161964,322349,160385,99.02509199575215
Consultant,36,Other,Master,10,123614,247751,124137,100.42309123562056
DevOps Engineer,49,Other,Master,20,191198,428327,237129,124.02274082364879
Software Engineer,40,Female,PhD,2,161214,449573,288359,178.86721996848908
Data Scientist,33,Female,Master,5,158872,355909,197037,124.0224835087366
Project Manager,51,Male,PhD,1,113618,211530,97912,86.17648612015701
Data Scientist,31,Male,High School,1,104174,185681,81507,78.24121181868796
Project Manager,54,Female,High School,5,68058,101106,33048,48.55858238561227
Project Manager,53,Other,High School,26,84293,125224,40931,48.55800600287094
DevOps Engineer,61,Female,High School,31,141520,245253,103733,73.29918032786885
Project Manager,55,Female,High School,8,70973,105436,34463,48.557902300874986
Data Engineer,36,Other,Bachelor,4,136436,281198,144762,106.10249494268376
Data Scientist,45,Other,High School,1,91774,163579,71805,78.24111404101379
Project Manager,56,Other,Master,7,102785,178928,76143,74.07987546821035
Project Manager,65,Other,Bachelor,16,108117,171962,63845,59.051767992082645
DevOps Engineer,30,Male,Bachelor,0,119535,235143,115608,96.71476973271427
Product Manager,26,Male,Bachelor,1,122169,243715,121546,99.49005066751795
Data Engineer,22,Male,High School,0,98422,193837,95415,96.94478876673914
Project Manager,62,Male,Bachelor,2,81926,130305,48379,59.05207138149061
Consultant,46,Male,High School,10,94697,155726,61029,64.44660337708692
DevOps Engineer,47,Male,Master,13,174461,390832,216371,124.0225609161933
Project Manager,25,Female,High School,0,73034,115333,42299,57.916860640249745
Project Manager,52,Male,Master,5,106831,185971,79140,74.07962108376782
DevOps Engineer,43,Other,PhD,10,185251,457002,271751,146.69340516380478
Business Analyst,60,Other,PhD,25,138178,242167,103989,75.25727684580758
Consultant,34,Male,Bachelor,6,100208,179457,79249,79.0845042311991
Consultant,23,Male,PhD,0,144726,339800,195074,134.78849688376658
Data Scientist,36,Other,PhD,14,190213,469243,279030,146.6934436657852
Software Engineer,33,Female,PhD,4,172690,481575,308885,178.86675545775668
Project Manager,48,Female,PhD,24,142017,272909,130892,92.16643077941373
Product Manager,58,Other,High School,4,85593,142760,57167,66.78934024978678
Consultant,60,Other,Master,6,124413,241104,116691,93.79325311663573
Data Engineer,60,Male,Bachelor,36,172464,343247,170783,99.02530383152425
Designer,48,Male,Bachelor,0,88287,130686,42399,48.02405790206939
Project Manager,50,Female,Master,17,141009,252525,111516,79.08431376720635
Software Engineer,29,Other,PhD,5,192637,591921,399284,207.2727461494936
Consultant,52,Female,PhD,11,142675,299435,156760,109.87208691081129
Business Analyst,30,Other,High School,6,70326,102361,32035,45.55214287745642
Consultant,36,Female,Master,5,140401,281396,140995,100.42307390973
DevOps Engineer,59,Female,Master,4,150505,324327,173822,115.49250855453307
Project Manager,47,Female,High School,19,99955,151553,51598,51.62122955329899
Project Manager,49,Male,High School,5,75729,114821,39092,51.62091140778302
Product Manager,50,Male,Master,15,170612,361573,190961,111.92706257473097
Designer,41,Other,PhD,18,146640,248118,101478,69.20212765957446
Product Manager,32,Female,Bachelor,5,117438,220447,103009,87.71351691956608
Designer,28,Female,PhD,1,129494,230594,101100,78.07311535669606
Business Analyst,46,Other,Bachelor,2,73794,114599,40805,55.29582350868635
DevOps Engineer,65,Male,Bachelor,29,164555,313270,148715,90.37403907508128
Data Engineer,65,Female,PhD,26,196647,492646,295999,150.52301840353525
Software Engineer,44,Other,PhD,9,189213,527653,338440,178.8672025706479
Designer,55,Male,Master,16,118111,184478,66367,56.190363302317316
Designer,61,Male,PhD,18,152107,250851,98744,64.91745942001354
Product Manager,27,Other,Master,1,141157,321514,180357,127.77049668100058
Business Analyst,33,Male,PhD,9,124397,224357,99960,80.35563558606718
Business Analyst,57,Male,High School,20,78523,112204,33681,42.89316505991875
Project Manager,28,Male,Master,6,118847,225195,106348,89.48311694868192
Business Analyst,45,Other,High School,10,69400,101013,31613,45.55187319884727
Data Engineer,34,Male,Master,6,149888,354839,204951,136.7360962852263
Product Manager,33,Male,Master,1,136207,288660,152453,111.92743397916406
Data Scientist,32,Other,Master,1,127252,285073,157821,124.02241222141892
Data Scientist,34,Other,High School,4,111048,197933,86885,78.24094085440531
Data Engineer,29,Female,Master,4,179207,460608,281401,157.02567422031507
Consultant,45,Other,Bachelor,5,94240,168769,74529,79.08425297113753
Business Analyst,40,Other,High School,5,70120,102061,31941,45.55191100969766
Business Analyst,25,Other,Bachelor,1,92069,149258,57189,62.11536999424345
Consultant,49,Male,High School,6,99108,162980,63872,64.44686604512249
Software Engineer,27,Male,Master,1,169439,462374,292935,172.88522713188817
Software Engineer,58,Male,High School,19,128228,239799,111571,87.00985744143244
Data Engineer,35,Male,Bachelor,10,139489,287491,148002,106.10299019994409
DevOps Engineer,38,Female,High School,1,98773,176054,77281,78.24101728205076
Product Manager,42,Female,PhD,12,184878,428722,243844,131.89454667402288
Business Analyst,60,Female,High School,19,84434,120650,36216,42.8926735675202
Project Manager,42,Male,PhD,13,141708,272316,130608,92.16699127783895
Project Manager,49,Male,PhD,7,124817,239857,115040,92.16693238901752
Consultant,23,Male,Master,0,134774,288818,154044,114.29801000192916
Data Scientist,48,Female,Bachelor,12,126582,249005,122423,96.7143827716421
Consultant,45,Female,PhD,2,132891,289569,156678,117.89963202925706
Software Engineer,35,Other,Bachelor,11,139138,300388,161250,115.89213586511234
Software Engineer,42,Male,PhD,19,210694,587556,376862,178.86698244847977
Consultant,31,Female,High School,9,89979,147968,57989,64.44725991620267
Designer,44,Other,PhD,12,129685,219429,89744,69.20152677641978
Software Engineer,43,Female,Bachelor,8,133455,288119,154664,115.8922483234049
Project Manager,27,Female,Master,5,125105,237053,111948,89.48323408336996
Software Engineer,57,Female,PhD,11,175085,464974,289889,165.57043721620929
Data Scientist,32,Other,Master,3,129800,290781,160981,124.02234206471493
Software Engineer,62,Female,High School,23,138635,259261,120626,87.0097738666282
Business Analyst,31,Male,High School,1,68358,99496,31138,45.5513619473946
Data Engineer,27,Other,Master,2,144942,372538,227596,157.02556884822894
DevOps Engineer,59,Female,PhD,6,151429,357748,206319,136.24801061883787
Data Scientist,45,Male,PhD,1,143574,354187,210613,146.69299455333137
Data Scientist,28,Female,Master,5,148759,359998,211239,142.00082011844663
Product Manager,55,Male,Master,0,127082,259735,132653,104.38378369871421
Product Manager,44,Male,PhD,20,208641,483827,275186,131.89449820505078
Designer,22,Female,PhD,0,119229,212315,93086,78.07328753910542
Software Engineer,57,Female,PhD,4,153994,408962,254968,165.57008714625246
Business Analyst,45,Male,High School,21,90558,131809,41251,45.55202190861106
Designer,32,Male,Bachelor,2,79871,118228,38357,48.023688197218014
Product Manager,60,Female,High School,27,128613,214513,85900,66.78951583432467
Data Engineer,63,Female,PhD,13,186337,466817,280480,150.52297718649544
Data Engineer,63,Male,High School,1,91015,163861,72846,80.03735647970115
Project Manager,48,Other,Master,8,109274,195693,86419,79.08468620165822
Software Engineer,41,Male,High School,18,143199,276472,133273,93.06838734907366
Project Manager,62,Male,High School,21,85648,127237,41589,48.558051559872965
Business Analyst,40,Female,High School,15,83480,121507,38027,45.5522280785817
Business Analyst,37,Male,PhD,0,109083,196737,87654,80.35532576111768
Business Analyst,58,Female,Master,16,116845,192697,75852,64.91677008002054
Designer,54,Male,Bachelor,1,87426,126944,39518,45.201656257863796
DevOps Engineer,64,Female,PhD,9,164519,388673,224154,136.2480929254372
DevOps Engineer,46,Male,High School,12,104434,186145,81711,78.24176034624739
Project Manager,40,Male,Bachelor,8,94102,153282,59180,62.889205330386176
Consultant,31,Male,Master,0,122714,245947,123233,100.42293462848575
Consultant,36,Other,PhD,2,130922,285278,154356,117.899207161516
Consultant,62,Female,Bachelor,22,119061,207261,88200,74.07967344470482
Business Analyst,48,Male,PhD,8,109874,198164,88290,80.35568014270892
Data Scientist,54,Male,Master,5,125925,271359,145434,115.49255509231686
Data Scientist,50,Female,High School,25,148815,265250,116435,78.24144071498169
DevOps Engineer,29,Other,High School,1,100443,189343,88900,88.50790995888215
Product Manager,37,Female,PhD,5,162332,376439,214107,131.89451248059532
Data Engineer,63,Female,PhD,36,220572,552584,332012,150.52318517309538
Data Scientist,60,Female,Bachelor,17,140719,267892,127173,90.37372351992268
Product Manager,25,Other,High School,3,108836,196338,87502,80.3980300635819
Business Analyst,54,Female,High School,9,70028,100065,30037,42.892842862854856
Software Engineer,26,Male,High School,0,106694,219490,112796,105.719159465387
Business Analyst,64,Male,PhD,16,127647,223710,96063,75.25676279113492
Data Engineer,52,Other,High School,16,128448,231254,102806,80.03705779770802
Project Manager,26,Male,High School,0,77291,122055,44764,57.91618687816176
Consultant,22,Male,Bachelor,0,98973,187537,88564,89.48299031048872
Designer,24,Male,Bachelor,0,99286,152718,53432,53.816248010797096
Data Scientist,51,Female,Master,21,169476,365208,195732,115.49245910925441
Data Scientist,53,Female,Bachelor,9,116328,221458,105130,90.37377071728217
Software Engineer,34,Female,High School,4,108389,209265,100876,93.06848480934413
Product Manager,59,Other,Bachelor,10,111545,203082,91537,82.06284459186875
DevOps Engineer,39,Male,PhD,17,183912,453698,269786,146.69298360085259
Consultant,52,Other,Bachelor,9,102445,178336,75891,74.07975010981502
Designer,60,Female,Bachelor,16,112848,163857,51009,45.20150999574649
Data Engineer,50,Female,High School,10,125280,232422,107142,85.522030651341
Consultant,28,Other,PhD,1,136014,319345,183331,134.78833061302512
Consultant,47,Other,Master,9,135390,271352,135962,100.42248319669105
Business Analyst,46,Male,Master,1,88245,149312,61067,69.20165448467334
Consultant,56,Male,PhD,12,158113,331835,173722,109.87205353133518
Designer,62,Other,Bachelor,1,77104,111956,34852,45.201286573978
Designer,49,Female,PhD,4,133164,225316,92152,69.20188639572257
Consultant,25,Other,Bachelor,2,116384,220528,104144,89.48309045916965
Designer,38,Male,PhD,15,148663,251541,102878,69.20215521010607
Consultant,39,Male,Master,14,153387,307423,154036,100.4231127800922
Software Engineer,61,Other,Bachelor,17,150370,312812,162442,108.02819711378599
Data Engineer,24,Other,PhD,2,187028,537666,350638,187.4788801676754
Designer,35,Male,High School,2,73294,102393,29099,39.70174911998254
Product Manager,53,Male,PhD,10,175395,390620,215225,122.70874312266598
Product Manager,32,Female,Master,3,132944,281745,148801,111.92757852930558
Project Manager,51,Other,Bachelor,11,99507,158268,58761,59.05212698604119
Product Manager,34,Other,PhD,12,172361,399696,227335,131.89468615290002
Consultant,59,Female,High School,12,97249,156085,58836,60.500365042314066
Data Engineer,34,Other,PhD,12,185474,486566,301092,162.33649999460843
Product Manager,43,Female,Bachelor,12,141090,264845,123755,87.71351619533631
Software Engineer,41,Male,Bachelor,14,155637,336008,180371,115.89210791778304
Software Engineer,34,Female,PhD,10,217060,605309,388249,178.86713351147148
Data Scientist,29,Other,High School,3,98273,185252,86979,88.50752495598995
DevOps Engineer,37,Female,PhD,10,188209,464299,276090,146.6933037208635
Software Engineer,54,Female,Master,29,219924,526400,306476,139.35541368836508
Data Scientist,44,Female,Master,13,183313,410663,227350,124.0228461702116
Business Analyst,59,Female,Master,10,97692,161111,63419,64.91729107808214
Consultant,45,Female,PhD,18,167024,363945,196921,117.89982277995976
DevOps Engineer,30,Male,High School,1,94846,169055,74209,78.24157054593762
Product Manager,46,Male,Master,7,133796,283550,149754,111.92711291817395
DevOps Engineer,22,Other,High School,0,97500,183795,86295,88.50769230769231
Designer,57,Female,Bachelor,17,108260,157196,48936,45.20229078145206
Data Scientist,60,Female,Master,0,116109,250206,134097,115.49233909516059
Software Engineer,40,Other,High School,14,131436,253762,122326,93.06887002039015
Product Manager,41,Female,Master,4,131874,279477,147603,111.92729423540652
Consultant,23,Female,Master,0,128017,274338,146321,114.2981010334565
Product Manager,34,Male,PhD,11,158176,366801,208625,131.89421909771394
DevOps Engineer,57,Female,High School,0,87153,151035,63882,73.2986816288596
Data Engineer,61,Male,High School,14,107930,194314,86384,80.0370610580932
DevOps Engineer,62,Other,High School,9,99769,172899,73130,73.2993214325091
Consultant,33,Other,High School,1,90548,148903,58355,64.446481424217
Product Manager,33,Male,Master,4,133217,282323,149106,111.92715644399738
Consultant,46,Female,Bachelor,2,105402,188758,83356,79.08388835126469
Software Engineer,38,Male,Bachelor,7,145813,314799,168986,115.89227297977547
Consultant,44,Other,Master,8,131987,264532,132545,100.42276890905923
Data Scientist,23,Male,PhD,1,168480,452941,284461,168.83962488129154
Consultant,47,Other,PhD,14,169974,370373,200399,117.89979643945546
Project Manager,36,Other,Master,2,97605,174795,77190,79.08406331642847
Data Scientist,56,Female,Master,22,175482,378151,202669,115.49275709189546
Business Analyst,63,Female,PhD,28,132312,231886,99574,75.25696837777375
Software Engineer,38,Female,High School,6,112692,217573,104881,93.0687182763639
DevOps Engineer,23,Male,Master,1,134269,324932,190663,142.00075966902264
Project Manager,43,Other,Master,14,111525,199724,88199,79.08451019950684
Consultant,38,Male,PhD,11,150506,327952,177446,117.8996186198557
Product Manager,39,Male,Bachelor,14,127320,238997,111677,87.71363493559535
Software Engineer,35,Male,Bachelor,11,160927,347429,186502,115.89229899271099
Designer,52,Other,PhD,6,110572,182352,71780,64.91697717324459
Business Analyst,58,Female,PhD,2,100158,175534,75376,75.25709379180894
Product Manager,33,Male,PhD,3,145052,336367,191315,131.89407936464164
Business Analyst,49,Male,Bachelor,22,114367,177608,63241,55.29654533213252
Project Manager,45,Female,PhD,18,147121,282718,135597,92.1669917958687
Software Engineer,64,Female,PhD,17,201206,534343,333137,165.57011222329353
Project Manager,60,Female,Bachelor,22,109006,173376,64370,59.05179531401941
Consultant,52,Male,High School,6,89977,144413,54436,60.499905531413575
Data Engineer,42,Male,Master,19,173162,409937,236775,136.7361199339347
Consultant,53,Other,Master,5,119264,231125,111861,93.79276227528844
Product Manager,54,Other,High School,27,132921,221698,88777,66.78929589756322
Designer,35,Other,Bachelor,2,88723,131331,42608,48.02362408845508
Designer,58,Male,PhD,19,157353,259502,102149,64.91709722725338
Data Scientist,30,Male,PhD,4,171919,424112,252193,146.6929193399217
Designer,45,Female,Bachelor,12,114342,169254,54912,48.02434800860576
Data Engineer,48,Male,Master,25,180792,428000,247208,136.7361387672021
Project Manager,50,Female,Bachelor,16,118083,192344,74261,62.88881549418629
DevOps Engineer,52,Male,Bachelor,2,110692,210729,100037,90.37419145014997
Consultant,27,Male,High School,1,98112,169345,71233,72.60375896934116
Consultant,22,Female,Bachelor,0,99691,188898,89207,89.48350402744481
Business Analyst,25,Other,Master,0,93546,166580,73034,78.07281978919463
Project Manager,40,Female,Bachelor,14,96834,157732,60898,62.889067889377706
Designer,62,Male,Bachelor,18,102869,149368,46499,45.202150307672866
Business Analyst,40,Other,Master,6,99919,169065,69146,69.20205366346741
Consultant,61,Male,Master,5,110730,214587,103857,93.79301002438363
DevOps Engineer,26,Other,Master,0,133617,323354,189737,142.00064363067574
Business Analyst,36,Other,Master,13,112009,189521,77512,69.20158201573088
Designer,30,Male,PhD,3,123325,208668,85343,69.20170281775796
Project Manager,37,Other,Bachelor,0,79078,128809,49731,62.88854042843774
Consultant,49,Other,Master,27,151903,304448,152545,100.4226381309125
Designer,46,Female,Master,14,145638,232748,87110,59.81268624946786
Business Analyst,45,Female,PhD,4,101433,182940,81507,80.35550560468486
Business Analyst,47,Other,Master,0,95623,161796,66173,69.201970237286
Consultant,43,Other,High School,10,93424,153633,60209,64.44703716389793
Software Engineer,47,Other,PhD,15,228500,637211,408711,178.86695842450766
Consultant,27,Other,Master,0,129662,277863,148201,114.2979438848699
Designer,43,Other,PhD,4,116283,196753,80470,69.20186097709897
Data Scientist,26,Female,PhD,1,185717,499281,313564,168.83968618920184
Data Scientist,63,Other,PhD,9,178953,422773,243820,136.24806513442076
Product Manager,22,Male,PhD,0,171286,430434,259148,151.29549408591478
Software Engineer,47,Male,Bachelor,12,138101,298149,160048,115.89199209274372
Software Engineer,62,Other,High School,29,150006,280526,130520,87.00985293921576
Project Manager,22,Other,High School,0,72421,114365,41944,57.916902555888484
Project Manager,46,Female,PhD,0,110000,211383,101383,92.16636363636364
Data Engineer,64,Other,High School,28,146190,263196,117006,80.03693823106916
Consultant,57,Male,PhD,16,166292,349001,182709,109.87239313977821
DevOps Engineer,64,Other,Bachelor,3,108607,206759,98152,90.37354866629222
Product Manager,36,Female,Bachelor,0,102886,193131,90245,87.71358591061951
Business Analyst,45,Female,PhD,21,148201,267289,119088,80.35573309221935
Data Scientist,43,Male,High School,11,114802,204625,89823,78.2416682636191
Consultant,36,Male,PhD,13,171723,374184,202461,117.89975716706556
Designer,52,Male,Bachelor,26,106184,154181,47997,45.20172530701424
Consultant,56,Male,Master,20,143555,278199,134644,93.79262303646686
Business Analyst,46,Other,PhD,10,132290,238592,106302,80.35528006652052
DevOps Engineer,38,Female,Bachelor,12,128782,253333,124551,96.71460297246509
Data Engineer,43,Female,High School,20,145355,269665,124310,85.52165388187541
Data Engineer,56,Male,Master,3,129576,294322,164746,127.14237204420571
Product Manager,57,Male,Bachelor,18,148817,270941,122124,82.06320514457353
Designer,49,Female,Master,0,107260,171415,64155,59.812604885325385
Product Manager,61,Male,Bachelor,37,137881,251030,113149,82.0627932782617
Consultant,37,Other,High School,15,109049,179328,70279,64.44717512310979
Project Manager,63,Female,Master,12,106604,185576,78972,74.07977186597125
Business Analyst,51,Other,PhD,19,126127,221046,94919,75.25668572153464
Business Analyst,61,Other,High School,21,93379,133432,40053,42.89294166782681
Business Analyst,32,Female,Bachelor,0,82541,128183,45642,55.296155849820096
Software Engineer,52,Other,Bachelor,28,153757,319858,166101,108.02825237224971
Product Manager,38,Other,Master,5,143856,304870,161014,111.92720498276054
Consultant,52,Male,Bachelor,11,111699,194446,82747,74.08034091621232
Designer,64,Male,Bachelor,35,119419,173399,53980,45.202187256634204
Data Engineer,38,Other,Bachelor,6,126847,261435,134588,106.1026275749525
Business Analyst,42,Male,High School,18,86443,125819,39376,45.55140381523085
Data Scientist,65,Other,Master,31,190270,410018,219748,115.49272087034214
Project Manager,25,Male,Master,1,111010,210345,99335,89.48292946581388
DevOps Engineer,25,Male,Master,2,138946,336250,197304,142.0004893987592
Data Engineer,63,Other,Bachelor,22,147455,293472,146017,99.02478722322064
Data Engineer,52,Male,PhD,26,190788,477968,287180,150.52309369562028
Data Engineer,40,Male,Master,0,125170,296322,171152,136.73563953023887
DevOps Engineer,48,Female,High School,0,92311,164536,72225,78.24094636608855
Data Engineer,62,Male,Master,22,172584,392011,219427,127.14214527418532
Product Manager,42,Other,Master,8,144951,307191,162240,111.92747894115942
Designer,62,Other,PhD,28,172641,284715,112074,64.91737188732688
Data Engineer,40,Male,High School,13,122658,227557,104899,85.52153141254544
Software Engineer,35,Other,High School,11,121290,234173,112883,93.06867837414461
Designer,59,Other,High School,32,96029,131965,35936,37.42202876214477
Product Manager,37,Other,Bachelor,14,134742,252929,118187,87.71355627792373
Software Engineer,45,Female,High School,9,123851,239117,115266,93.06828366343429
Data Engineer,55,Female,Master,27,175812,399343,223531,127.14206083771302
Software Engineer,26,Male,Bachelor,2,147816,343566,195750,132.42815392109108
Business Analyst,43,Other,PhD,12,121453,219047,97594,80.35536380328193
Data Scientist,28,Male,PhD,0,174794,469916,295122,168.83989152945753
Project Manager,26,Female,Master,0,102891,194961,92070,89.48304516430008
Designer,47,Female,Bachelor,0,85226,126155,40929,48.02407715955225
Designer,54,Female,PhD,32,152143,250910,98767,64.91721604017273
Product Manager,47,Other,High School,22,125547,214961,89414,71.21954327861279
DevOps Engineer,63,Male,Bachelor,8,110464,210295,99831,90.37423957126303
Data Engineer,63,Male,Bachelor,15,148518,295588,147070,99.02503400261247
Data Engineer,45,Male,Bachelor,8,137148,282666,145518,106.1028961413947
Business Analyst,42,Other,PhD,18,146951,265034,118083,80.35535654742057
Designer,53,Male,Master,31,146665,229077,82412,56.190638529983296
Business Analyst,58,Female,PhD,8,109083,191176,82093,75.25737282619657
Software Engineer,41,Other,Bachelor,9,148634,320889,172255,115.89205699907154
Designer,59,Male,High School,3,77551,106572,29021,37.421825637322534
Data Engineer,39,Other,Master,3,156683,370925,214242,136.73595731508843
Software Engineer,54,Male,Master,26,195932,468974,273042,139.35549068044014
Designer,53,Female,PhD,23,142502,235010,92508,64.91698362128251
Product Manager,54,Other,PhD,30,195271,434886,239615,122.70895319837558
Project Manager,59,Male,PhD,21,132449,246589,114140,86.17656607448905
DevOps Engineer,54,Female,PhD,9,162938,384938,222000,136.24814346561269
DevOps Engineer,64,Male,Master,15,167273,360461,193188,115.49263778374275
Software Engineer,42,Other,PhD,8,194534,542491,347957,178.86693328672624
Software Engineer,29,Male,PhD,7,212520,653016,440496,207.27272727272728
Software Engineer,62,Female,High School,4,111546,208602,97056,87.00984347264806
Data Scientist,22,Female,High School,0,115192,217146,101954,88.50788249183971
Project Manager,46,Female,Master,4,101619,181984,80365,79.08462000216495
Data Engineer,52,Female,Bachelor,0,120671,240165,119494,99.02462066279388
Consultant,37,Other,Master,14,141146,282889,141743,100.42296629022431
Business Analyst,46,Other,Bachelor,5,82052,127424,45372,55.2966411543899
DevOps Engineer,58,Male,High School,26,125444,217394,91950,73.29963967985714
Project Manager,33,Male,PhD,8,131029,251794,120765,92.16661960329392
Software Engineer,65,Female,High School,8,113286,211856,98570,87.00986882756916
Data Scientist,48,Other,High School,3,90010,160435,70425,78.2413065214976
Project Manager,24,Female,Bachelor,0,92764,158454,65690,70.8141089215644
Business Analyst,44,Female,Master,21,139141,235429,96288,69.20174499248964
Consultant,58,Other,Bachelor,21,131597,229084,97487,74.07995623000524
Business Analyst,30,Male,Bachelor,3,80959,125726,44767,55.29589051248163
Project Manager,43,Male,Bachelor,10,101996,166140,64144,62.88874073493078
Software Engineer,34,Male,High School,12,117788,227412,109624,93.06890345366251
Business Analyst,26,Other,Master,4,106927,190408,83481,78.07289085076735
Consultant,40,Male,Bachelor,15,129094,231187,102093,79.08423319441647
Product Manager,34,Male,Master,12,150685,319343,168658,111.92753094203138
Project Manager,57,Female,Master,25,144072,250801,106729,74.0803209506358
Software Engineer,34,Male,High School,0,92890,179341,86451,93.06814511788136
Data Engineer,57,Other,Master,34,194857,442602,247745,127.14195538266524
Data Engineer,60,Female,High School,17,133199,239807,106608,80.03663691168853
Software Engineer,61,Female,PhD,0,159160,422682,263522,165.57049509927117
Consultant,24,Other,Master,2,141788,303849,162061,114.29810703303525
Consultant,47,Other,Master,15,143575,287757,144182,100.42277555284696
DevOps Engineer,26,Male,High School,4,100715,189856,89141,88.50816660874744
Business Analyst,40,Other,Bachelor,14,86525,134370,47845,55.29615718000578
Data Engineer,30,Other,Master,4,143873,340599,196726,136.73587121975632
Business Analyst,31,Female,PhD,4,103608,186863,83255,80.35576403366535
Designer,34,Female,Bachelor,2,91142,134912,43770,48.02396260779882
Data Engineer,50,Female,High School,1,94370,175077,80707,85.52188195401081
Business Analyst,64,Male,Master,7,91225,150445,59220,64.91641545628939
Project Manager,23,Female,High School,1,83651,132099,48448,57.916821078050475
Product Manager,40,Female,High School,7,95034,162716,67682,71.21872172064735
Product Manager,52,Female,PhD,23,213394,475247,261853,122.70869846387433
Data Scientist,46,Female,High School,19,137970,245920,107950,78.24164673479743
Data Scientist,57,Male,Bachelor,11,132286,251838,119552,90.37388688145383
Consultant,54,Female,Master,21,169525,328528,159003,93.7932458339478
Data Scientist,37,Female,Bachelor,14,131579,258835,127256,96.71452131419147
Business Analyst,28,Male,Master,0,99551,177274,77723,78.0735502405802
Designer,34,Other,Master,6,114328,182711,68383,59.812994192148906
Designer,26,Male,High School,1,76683,110703,34020,44.36446148429248
Data Engineer,56,Other,High School,12,125112,225248,100136,80.03708677025385
Designer,65,Male,PhD,39,156246,257676,101430,64.91686187166391
Business Analyst,43,Female,Master,12,103004,174285,71281,69.20216690613957
Software Engineer,54,Other,Master,3,148012,354274,206262,139.3549171688782
DevOps Engineer,49,Other,High School,5,110169,196367,86198,78.24161061641661
Consultant,54,Other,PhD,15,167912,352401,184489,109.87243317928439
Product Manager,34,Female,High School,11,108423,185641,77218,71.219206256975
Data Scientist,56,Other,PhD,25,189897,448628,258731,136.24807132287503
Software Engineer,54,Female,Master,24,187438,448643,261205,139.35541352340508
Product Manager,54,Female,Master,31,193749,395992,202243,104.38402262721355
Data Scientist,63,Other,Master,34,197489,425575,228086,115.49301480082434
Data Engineer,65,Male,Master,3,127711,290085,162374,127.14174973181636
DevOps Engineer,25,Other,Bachelor,1,132715,278661,145946,109.96948347963682
Software Engineer,43,Male,Master,16,188980,472630,283650,150.09524817441
Consultant,34,Other,Bachelor,2,91523,163903,72380,79.0839461119063
Project Manager,37,Male,Master,1,90447,161976,71529,79.08388337921656
DevOps Engineer,63,Female,High School,40,129109,223745,94636,73.29930523820958
Project Manager,58,Other,Master,1,94344,164234,69890,74.07996268973119
Business Analyst,64,Male,High School,30,82513,117905,35392,42.89263509992365
Project Manager,27,Male,PhD,3,137844,282124,144280,104.66904616813208
Data Scientist,30,Other,Bachelor,6,125656,247184,121528,96.71484051696696
Business Analyst,38,Other,High School,1,69853,101672,31819,45.55137216726554
Data Scientist,25,Female,PhD,0,151447,407150,255703,168.83992419790422
Designer,47,Other,Bachelor,16,112482,166500,54018,48.023683789406306
Data Engineer,56,Male,Master,15,166468,378119,211651,127.14215344690871
Data Scientist,62,Male,Master,26,190140,409738,219598,115.49279478279162
DevOps Engineer,56,Female,High School,27,140323,243179,102856,73.29945910506474
Designer,42,Other,High School,19,97868,136724,38856,39.70245636980423
Software Engineer,44,Other,Master,12,177797,444661,266864,150.0947710028853
Software Engineer,45,Male,Master,15,198284,495898,297614,150.09481349982855
Business Analyst,37,Other,PhD,10,125611,226546,100935,80.3552236667171
Data Engineer,28,Male,Master,0,155110,398672,243562,157.02533685771388
Consultant,44,Female,High School,12,94242,154978,60736,64.44684959996604
DevOps Engineer,28,Male,Bachelor,3,140366,294726,154360,109.96965077012952
Designer,38,Other,PhD,3,124881,211301,86420,69.20188018994082
Data Scientist,61,Male,Master,32,168252,362571,194319,115.49283218030098
DevOps Engineer,36,Other,High School,5,101720,181307,79587,78.24125049154543
Data Engineer,50,Male,Master,28,193129,457206,264077,136.7360676024833
Project Manager,62,Female,Master,40,130156,226576,96420,74.08033436798918
Software Engineer,51,Male,PhD,11,196352,521453,325101,165.57050602998694
Business Analyst,23,Male,Master,1,94343,168000,73657,78.07362496422628
Project Manager,59,Other,Bachelor,15,102146,162465,60319,59.051749456660076
Business Analyst,28,Other,Bachelor,3,84213,136522,52309,62.115112868559486
DevOps Engineer,65,Male,Master,4,122597,264187,141590,115.49222248505264
Data Engineer,48,Male,Bachelor,18,148868,306821,157953,106.10272187441223
Data Engineer,64,Female,Master,6,139396,316627,177231,127.1420987689747
Consultant,62,Male,High School,12,99102,159059,59957,60.50029262779763
Product Manager,48,Other,High School,26,120472,206271,85799,71.21903844876817
DevOps Engineer,34,Female,PhD,12,186066,459012,272946,146.69310889684306
Designer,52,Male,PhD,8,131180,216338,85158,64.91690806525385
Product Manager,23,Other,PhD,1,146854,369038,222184,151.29584485271087
Data Scientist,25,Other,Master,2,163343,395291,231948,142.0005754761453
DevOps Engineer,39,Female,High School,9,109055,194381,85326,78.24125441291092
Software Engineer,44,Male,Bachelor,19,174096,375860,201764,115.89238121496186
Data Scientist,48,Other,PhD,1,161752,399031,237279,146.6930857114595
DevOps Engineer,57,Male,High School,34,131149,227280,96131,73.29907204782347
Business Analyst,27,Female,PhD,5,123870,236536,112666,90.95503350286592
Product Manager,44,Female,Bachelor,2,107740,202242,94502,87.71301280861333
Consultant,55,Other,PhD,19,158976,333646,174670,109.8719303542673
Project Manager,32,Female,Master,1,97445,174509,77064,79.08461183231566
Consultant,42,Male,High School,13,107385,176591,69206,64.44661731154258
Project Manager,31,Female,Master,6,120192,215245,95053,79.08429845580405
Data Scientist,54,Other,Bachelor,30,137317,261416,124099,90.37409789028307
Project Manager,40,Other,PhD,11,135778,260920,125142,92.16662493187408
Software Engineer,29,Female,Master,3,176152,480693,304541,172.88534901675825
Designer,44,Other,PhD,3,115726,195810,80084,69.20138948896532
Product Manager,23,Male,High School,0,93032,167828,74796,80.39814257459798
Software Engineer,44,Female,PhD,1,156068,435222,279154,178.8669041699772
Software Engineer,44,Female,Bachelor,8,134883,291202,156319,115.89229183811153
Data Scientist,31,Other,PhD,9,174741,431074,256333,146.69310579657892
Business Analyst,30,Male,Master,1,84557,143072,58515,69.2018401788143
DevOps Engineer,54,Other,PhD,30,218892,517128,298236,136.24801271860096
DevOps Engineer,34,Female,Bachelor,3,120974,237974,117000,96.714996610842
Designer,45,Other,Bachelor,2,81028,119941,38913,48.024139803524704
Software Engineer,47,Other,PhD,25,242992,677625,434633,178.86720550470798
Consultant,25,Other,PhD,3,152660,358428,205768,134.78841870824056
Data Engineer,57,Female,High School,1,99061,178346,79285,80.0365431400854
Data Scientist,37,Female,Bachelor,5,135113,265787,130674,96.71460185178333
Software Engineer,25,Female,Bachelor,2,146754,341097,194343,132.42773621161945
Consultant,37,Other,PhD,5,141916,309234,167318,117.89932072493588
Data Scientist,42,Male,Master,10,173763,389269,215506,124.02295080080339
DevOps Engineer,53,Other,High School,29,118775,205836,87061,73.2990949273837
Consultant,55,Other,High School,8,90180,144739,54559,60.50011088933245
Designer,26,Female,High School,3,89046,128551,39505,44.36471037441322
Product Manager,30,Male,Master,5,135942,288098,152156,111.92714540024423
Data Engineer,26,Female,Bachelor,1,121461,268358,146897,120.94170145149472
Project Manager,46,Other,Master,18,135055,241862,106807,79.08407685757655
DevOps Engineer,53,Other,PhD,23,207867,491081,283214,136.247696844617
Data Engineer,57,Female,Bachelor,5,120182,239192,119010,99.02481236790868
Product Manager,46,Female,Master,16,168999,358155,189156,111.9272895105888
Business Analyst,52,Other,Bachelor,18,89305,135730,46425,51.984771289401486
Software Engineer,47,Female,PhD,7,178589,498026,319437,178.86711947544362
Business Analyst,27,Male,PhD,0,105494,201446,95952,90.95493582573417
Data Engineer,45,Male,Master,14,159215,376919,217704,136.73586031466886
Consultant,50,Other,Master,20,154506,309665,155159,100.42263730858349
Software Engineer,38,Other,PhD,9,172798,481877,309079,178.86723225963263
Designer,58,Female,High School,17,88320,121371,33051,37.421875
Software Engineer,50,Male,Bachelor,23,172075,371497,199422,115.89248874037483
Designer,54,Other,Master,17,119741,187024,67283,56.190444375777716
Product Manager,38,Female,Bachelor,0,97643,183289,85646,87.71340495478427
Data Scientist,41,Female,Master,6,158660,355435,196775,124.0230681961427
Product Manager,41,Male,High School,15,120402,206151,85749,71.21891662929187
Product Manager,55,Male,Bachelor,6,106116,193198,87082,82.06302536846471
Software Engineer,46,Other,Bachelor,9,155064,334771,179707,115.89214775834493
Designer,36,Female,Master,7,117463,187721,70258,59.812877246452075
Consultant,53,Male,High School,31,106107,170302,64195,60.50024974789599
Product Manager,39,Female,Bachelor,2,116065,217869,101804,87.71291948477146
Data Scientist,34,Female,PhD,5,172759,426185,253426,146.6933705335178
Data Engineer,58,Male,High School,2,104558,188243,83685,80.03691730905335
DevOps Engineer,39,Female,Master,3,140230,314147,173917,124.0226770305926
Project Manager,29,Other,High School,7,80329,126853,46524,57.91681708971853
Data Engineer,60,Female,Master,11,158738,360561,201823,127.14220917486676
Consultant,35,Female,Master,10,127526,255591,128065,100.42265890877154
Consultant,40,Female,PhD,16,169155,368588,199433,117.89955957553724
Software Engineer,45,Male,Bachelor,8,125979,271979,146000,115.89233126155946
Data Engineer,32,Female,Master,9,171818,406755,234937,136.73596479996274
Product Manager,57,Female,Bachelor,27,134127,244196,110069,82.06326839487949
Product Manager,56,Female,High School,1,83056,138528,55472,66.78867270275477
Business Analyst,43,Male,Bachelor,14,88794,137894,49100,55.296529044755275
Software Engineer,59,Female,PhD,18,224519,596256,371737,165.57039716015126
Data Engineer,63,Other,Master,17,180591,410198,229607,127.1419948945407
Data Scientist,44,Female,Master,2,150301,336708,186407,124.02246159373524
DevOps Engineer,45,Male,Master,7,151790,340044,188254,124.02266288951841
Product Manager,40,Male,Bachelor,15,142076,266696,124620,87.7136180635716
Product Manager,27,Other,PhD,4,178606,448829,270223,151.29558917393592
Data Scientist,25,Other,High School,3,101825,191948,90123,88.50773385710778
Software Engineer,47,Male,Bachelor,10,134312,289969,155657,115.89210197152897
Business Analyst,54,Male,Bachelor,30,93912,142732,48820,51.98483686855779
Designer,55,Other,PhD,13,150054,247465,97411,64.91729643994827
DevOps Engineer,38,Female,High School,11,124108,221212,97104,78.24153156927837
Data Engineer,50,Male,Master,5,152644,361363,208719,136.73580356908886
Consultant,37,Male,PhD,3,122631,267212,144581,117.89922613368562
Product Manager,49,Female,High School,5,109508,187499,77991,71.21945428644483
Software Engineer,43,Other,Bachelor,18,151981,328115,176134,115.89211809370907
DevOps Engineer,36,Female,Master,1,139549,312622,173073,124.02310299608024
Data Scientist,48,Other,Bachelor,23,158000,310809,152809,96.71455696202531
Project Manager,34,Female,Master,12,123535,221232,97697,79.08446998826244
Business Analyst,51,Male,PhD,27,142744,250169,107425,75.25710362607185
Consultant,28,Other,PhD,4,139856,328366,188510,134.7886397437364
Data Engineer,30,Other,Master,3,148905,352512,203607,136.73617407071623
Project Manager,26,Other,PhD,4,123608,252988,129380,104.66960067309559
Business Analyst,47,Male,High School,13,79593,115849,36256,45.55174450014449
DevOps Engineer,58,Other,Bachelor,17,140302,267099,126797,90.37433536228991
Designer,25,Male,Master,2,128289,214609,86320,67.28558177240448
Data Engineer,47,Other,Master,19,205206,485797,280591,136.7362552751869
Project Manager,37,Other,PhD,8,116506,223886,107380,92.16692702521757
Product Manager,53,Female,PhD,25,176609,393324,216715,122.70892196886909
DevOps Engineer,26,Other,PhD,4,169665,456127,286462,168.83977249285357
Software Engineer,32,Other,High School,4,100555,194140,93585,93.0684699915469
Project Manager,24,Female,PhD,2,129569,265188,135619,104.66932676797691
Product Manager,49,Male,High School,24,120653,206581,85928,71.21911597722394
Software Engineer,29,Female,Bachelor,7,141746,329457,187711,132.4277228281574
Data Scientist,45,Other,Master,16,181029,405546,224517,124.022670400875
Business Analyst,36,Male,High School,8,69480,101129,31649,45.551237766263675
Project Manager,44,Male,High School,12,91090,138111,47021,51.62037545284883
Software Engineer,35,Other,Bachelor,10,157055,339069,182014,115.89188500843655
Product Manager,48,Other,Master,14,154665,327777,173112,111.927068179614
Designer,65,Male,Master,17,118309,184787,66478,56.19014614272794
DevOps Engineer,50,Other,High School,25,133838,238555,104717,78.24160552309507
Product Manager,50,Other,Master,21,176676,374425,197749,111.92748307636577
Consultant,57,Other,PhD,12,137045,287619,150574,109.87193987376409
Product Manager,62,Male,Master,13,163920,335026,171106,104.3838457784285
DevOps Engineer,61,Male,PhD,16,185051,437179,252128,136.24784518862367
Software Engineer,25,Female,PhD,3,194812,598604,403792,207.27265260866886
Business Analyst,24,Male,High School,2,70148,105926,35778,51.00359240463022
Designer,50,Female,PhD,26,175184,296415,121231,69.20209608183396
Software Engineer,45,Female,High School,16,128694,248468,119774,93.06882993768163
Data Scientist,63,Other,Master,38,180094,388090,207996,115.49302031161504
Consultant,56,Female,High School,19,104880,168333,63453,60.50057208237987
Data Engineer,42,Female,PhD,4,168505,442050,273545,162.33642918607757
Project Manager,25,Other,High School,0,77493,122374,44881,57.916198882479705
Project Manager,36,Other,High School,4,71824,108900,37076,51.62062820227222
Consultant,63,Male,High School,27,102073,163827,61754,60.499838350984106
DevOps Engineer,33,Female,High School,0,97007,172907,75900,78.24177636665395
Product Manager,45,Female,Bachelor,10,130957,245824,114867,87.71352428659789
DevOps Engineer,44,Other,Bachelor,11,123880,243690,119810,96.71456247981918
Software Engineer,35,Other,High School,9,124682,240722,116040,93.06876694310326
DevOps Engineer,50,Other,Master,8,143030,320420,177390,124.02293225197512
Consultant,64,Male,High School,6,78686,126291,47605,60.49996187377678
DevOps Engineer,32,Male,High School,8,118277,210819,92542,78.24175452539379
Consultant,25,Female,Bachelor,2,105722,200326,94604,89.48374037570231
Data Engineer,27,Male,Bachelor,2,127055,280718,153663,120.94211168391642
Product Manager,39,Female,High School,2,101966,174585,72619,71.21883765176628
Software Engineer,44,Other,High School,1,109508,211425,101917,93.06808634985572
Product Manager,24,Other,Master,2,133910,305008,171098,127.77089089687104
Designer,32,Other,PhD,4,113180,191503,78323,69.20215585792543
Software Engineer,24,Male,Bachelor,2,135038,313866,178828,132.4279091811194
Business Analyst,29,Female,Bachelor,3,88979,144248,55269,62.114656267209114
Designer,62,Other,Master,9,122974,192074,69100,56.19073950591182
Business Analyst,22,Male,High School,0,71129,107407,36278,51.00310703088754
Data Engineer,29,Female,Bachelor,5,154943,342334,187391,120.94189476129931
Product Manager,64,Male,High School,27,121731,203034,81303,66.78906769844986
Data Engineer,53,Female,Bachelor,28,155506,309496,153990,99.02511800187774
Business Analyst,63,Other,PhD,21,145808,255539,109731,75.25718753429167
Designer,56,Male,PhD,2,123509,203687,80178,64.91672671627168
Project Manager,25,Male,High School,0,75600,119385,43785,57.91666666666667
Software Engineer,28,Male,Bachelor,0,137771,320218,182447,132.42772426708086
Product Manager,65,Other,Master,13,139121,284341,145220,104.38395353684922
Consultant,47,Other,High School,15,114492,188279,73787,64.44729762778185
Data Scientist,27,Other,Master,2,136982,331497,194515,142.00040881283672
DevOps Engineer,31,Female,Master,2,145822,326674,180852,124.0224383152062
Business Analyst,40,Female,Master,9,108593,183741,75148,69.20151390973636
Business Analyst,28,Other,Bachelor,6,89175,144566,55391,62.114942528735625
Data Engineer,49,Male,PhD,18,196098,514437,318339,162.3366887984579
DevOps Engineer,64,Male,High School,10,114726,198819,84093,73.29899063856493
Software Engineer,49,Female,Bachelor,18,160325,346129,185804,115.89209418368938
Designer,60,Male,Master,33,142632,222778,80146,56.19075663245275
Project Manager,49,Female,High School,9,73756,111829,38073,51.62020716958621
Data Engineer,38,Other,Master,8,170593,403855,233262,136.7359739262455
Designer,43,Male,High School,11,88222,123248,35026,39.70211511867788
Designer,61,Other,Bachelor,36,126823,184149,57326,45.2015801550192
Data Scientist,56,Male,Bachelor,18,151932,289239,137307,90.37398309770161
Software Engineer,49,Male,PhD,4,188980,527003,338023,178.86707588104562
DevOps Engineer,23,Male,High School,0,107512,202669,95157,88.50825954312077
Data Engineer,45,Male,High School,23,142667,264678,122011,85.52152915530571
Project Manager,28,Male,Bachelor,5,94691,161745,67054,70.81348808228871
Consultant,42,Male,Master,14,148819,298267,149448,100.4226610849421
Business Analyst,36,Female,Bachelor,1,81682,126849,45167,55.2961484782449
Consultant,26,Other,PhD,2,159381,374208,214827,134.7883373802398
Data Engineer,38,Male,Bachelor,13,154524,318478,163954,106.10261189200384
Designer,57,Other,Bachelor,24,112776,163753,50977,45.20199333191459
Business Analyst,42,Female,Master,19,118179,199961,81782,69.2018040430195
Designer,58,Male,High School,12,81042,111370,30328,37.42257101256139
Consultant,42,Other,High School,6,90267,148441,58174,64.44658623860326
Designer,27,Other,PhD,4,131937,234945,103008,78.07362604879602
Product Manager,61,Female,High School,13,105458,175893,70435,66.78962240892109
DevOps Engineer,50,Female,PhD,18,204032,503333,299301,146.6931657779172
Business Analyst,56,Female,High School,30,82186,117438,35252,42.892950137493
Product Manager,53,Male,PhD,5,151906,338308,186402,122.70878043000278
DevOps Engineer,41,Female,PhD,14,193245,476722,283477,146.69305803513674
Data Engineer,65,Female,PhD,38,246208,616808,370600,150.52313491031973
Project Manager,35,Female,PhD,4,119493,229626,110133,92.16690517436167
Data Scientist,28,Male,PhD,6,195602,525856,330254,168.83978691424423
Software Engineer,57,Male,High School,6,110200,206084,95884,87.00907441016334
Data Engineer,45,Male,Master,21,186192,440784,254592,136.73627223511212
Project Manager,59,Other,PhD,9,119050,221643,102593,86.17639647207056
Designer,33,Male,PhD,7,136581,231098,94517,69.20215842613541
Data Scientist,60,Male,Master,12,158115,340726,182611,115.49252126616703
Product Manager,34,Male,High School,1,92124,157734,65610,71.21922626025791
Consultant,26,Female,Bachelor,2,111119,210552,99433,89.48334668238556
Consultant,31,Male,PhD,4,139218,303355,164137,117.89926589952448
Business Analyst,45,Male,High School,11,76853,111861,35008,45.55189777887655
Project Manager,40,Male,Master,13,123912,221907,97995,79.08435018400155
Business Analyst,47,Female,Master,7,110594,187127,76533,69.20176501437692
Product Manager,49,Other,Master,22,182541,386854,204313,111.92718348206705
Data Scientist,32,Other,High School,9,101779,181412,79633,78.2410909912654
Software Engineer,46,Female,High School,0,112657,217505,104848,93.06834018303346
Project Manager,65,Female,Bachelor,24,105916,168461,62545,59.051512519354965
Project Manager,55,Female,PhD,26,164032,305390,141358,86.17708739758096
Business Analyst,62,Male,PhD,7,111376,195194,83818,75.25678781784227
Business Analyst,33,Other,High School,8,68893,100275,31382,45.55179771529764
DevOps Engineer,35,Female,PhD,13,198004,488462,290458,146.69299610108885
Consultant,23,Female,Bachelor,0,112493,213155,100662,89.4829011582943
Designer,52,Female,Bachelor,16,109027,158309,49282,45.20164729837563
Software Engineer,65,Other,High School,24,124889,233554,108665,87.00926422663325
Product Manager,59,Male,High School,22,121760,203083,81323,66.78958607095926
Consultant,64,Female,Master,11,132635,257037,124402,93.79273947298978
Business Analyst,59,Female,Bachelor,7,89369,135827,46458,51.98446888742181
Project Manager,65,Female,High School,14,92174,136932,44758,48.55816173758327
Consultant,43,Female,Master,7,126359,253252,126893,100.42260543372454
Data Engineer,52,Male,Bachelor,12,128581,255908,127327,99.02473926940995
DevOps Engineer,50,Female,High School,22,121167,215970,94803,78.24160043576221
Business Analyst,25,Male,Bachelor,1,86588,140372,53784,62.114842703376915
Product Manager,63,Female,PhD,22,204708,455903,251195,122.70893174668306
Consultant,46,Female,Master,24,170451,341623,171172,100.42299546497233
Product Manager,59,Other,High School,21,108803,181472,72669,66.78951867136016
Software Engineer,36,Male,PhD,0,158564,442183,283619,178.86720819353698
DevOps Engineer,65,Male,High School,35,134825,233651,98826,73.29946226590025
Business Analyst,64,Male,PhD,8,114895,201361,86466,75.25653857870229
Data Engineer,38,Female,PhD,2,156526,410625,254099,162.33660861454325
Data Engineer,25,Male,PhD,2,182044,523338,341294,187.4788512667267
Product Manager,38,Male,High School,7,93766,160545,66779,71.21877866177506
Product Manager,33,Other,Bachelor,0,103657,194578,90921,87.71332375044618
Data Scientist,41,Male,Bachelor,8,127551,250912,123361,96.71503947440631
Business Analyst,35,Female,High School,0,59613,86768,27155,45.55214466643182
Software Engineer,48,Male,High School,5,103308,199455,96147,93.0683006156348
Software Engineer,56,Female,Bachelor,22,169984,353615,183631,108.02840267319279
Data Engineer,25,Other,Master,3,148076,380593,232517,157.0254463923931
Consultant,28,Female,Bachelor,4,104560,198124,93564,89.48355011476664
DevOps Engineer,40,Female,Bachelor,8,117701,231535,113834,96.71455637590165
Data Scientist,38,Female,PhD,12,192859,475770,282911,146.69317999160006
Software Engineer,29,Female,PhD,4,214996,660624,445628,207.27269344545945
Data Scientist,24,Male,PhD,1,163192,438725,275533,168.8397715574293
DevOps Engineer,29,Female,Bachelor,1,121046,254160,133114,109.96976356096029
Data Scientist,61,Female,Bachelor,14,148730,283143,134413,90.37383177570094
Data Scientist,44,Female,PhD,13,179445,442679,263234,146.69341580985818
Business Analyst,45,Male,Master,15,117102,198139,81037,69.20206315861385
Business Analyst,34,Female,Bachelor,11,84566,131328,46762,55.296454840006625
Consultant,38,Female,Master,4,115708,231905,116197,100.42261554948664
Data Engineer,55,Other,PhD,11,189408,474511,285103,150.5232091569522
Software Engineer,44,Male,High School,5,111523,215316,103793,93.0686943500444
Data Scientist,26,Male,Master,0,142268,344289,202021,142.00030927545197
Product Manager,42,Other,PhD,17,174828,405416,230588,131.89420458965384
Project Manager,42,Other,PhD,19,142748,274314,131566,92.16661529408469
Business Analyst,27,Female,Bachelor,3,83099,134716,51617,62.11506757000686
Business Analyst,27,Other,Bachelor,1,91395,148165,56770,62.11499534985503
Software Engineer,50,Male,Bachelor,11,147572,318596,171024,115.89190361315154
Data Engineer,48,Male,PhD,15,204348,536080,331732,162.33679801123571
Data Engineer,65,Other,Master,1,130986,297524,166538,127.14183195150628
Software Engineer,53,Male,Master,0,147552,353173,205621,139.3549392756452
Project Manager,38,Male,Master,3,106769,191207,84438,79.08475306502824
Business Analyst,49,Female,Bachelor,0,81027,125832,44805,55.2963826872524
Business Analyst,48,Male,Bachelor,17,109319,169769,60450,55.29688343288907
Product Manager,42,Female,Bachelor,5,115714,217211,101497,87.71367336709474
Consultant,23,Male,High School,1,95756,165278,69522,72.60328334516896
Data Scientist,25,Male,Bachelor,0,116411,244428,128017,109.96984821022069
Product Manager,58,Male,High School,33,134373,224120,89747,66.78945919195075
Data Scientist,35,Other,Bachelor,7,118351,232814,114463,96.71485665520359
Data Engineer,38,Female,High School,10,116020,215242,99222,85.52146181692811
Product Manager,26,Other,PhD,3,174226,437822,263596,151.2954438487941
Software Engineer,58,Other,High School,25,140576,262891,122315,87.00987366264512
Project Manager,22,Other,High School,0,70184,110832,40648,57.91633420722672
Consultant,38,Female,Bachelor,1,98037,175569,77532,79.08442730805716
Project Manager,26,Male,Master,0,115186,218258,103072,89.48309690413765
Consultant,25,Other,PhD,3,151171,354932,203761,134.78841841358462
Consultant,48,Female,Bachelor,23,143660,257273,113613,79.0846442990394
DevOps Engineer,54,Other,PhD,9,181304,428327,247023,136.24795922869876
Business Analyst,35,Female,PhD,2,105351,190006,84655,80.35519359094835
Data Scientist,43,Female,Master,18,178546,399984,221438,124.02294086677944
Designer,62,Female,High School,32,93307,128225,34918,37.42270140503928
Data Engineer,59,Other,Master,23,183703,417267,233564,127.14218058496596
Designer,65,Female,PhD,34,159939,263767,103828,64.91724970144868
Project Manager,64,Female,PhD,18,142367,265054,122687,86.17657181790725
Designer,62,Other,PhD,24,154052,254058,100006,64.91704099914315
Data Engineer,24,Other,PhD,1,184554,530554,346000,187.4790034353089
Project Manager,53,Other,Bachelor,27,100912,160502,59590,59.05145076898683
Data Scientist,56,Female,High School,21,118108,204680,86572,73.29901446134048
Data Scientist,58,Male,Master,20,176767,380920,204153,115.49271074352114
Project Manager,52,Other,PhD,14,126184,234925,108741,86.176535852406
Data Engineer,40,Female,Bachelor,7,123818,255192,131374,106.10250529002245
Business Analyst,24,Other,High School,1,73433,110887,37454,51.00431686026718
Software Engineer,32,Other,PhD,4,190962,532530,341568,178.86699971722123
Data Scientist,28,Male,Bachelor,6,128063,268893,140830,109.96931197926021
Product Manager,25,Male,PhD,3,170062,427358,257296,151.2954099093272
Software Engineer,37,Female,Master,12,182618,456719,274101,150.09528085949907
Product Manager,31,Female,PhD,8,175510,406998,231488,131.89447894706854
DevOps Engineer,57,Female,PhD,12,180173,425655,245482,136.24793948038828
Data Scientist,37,Male,High School,14,123712,220506,96794,78.24139937920332
Product Manager,59,Female,High School,2,97918,163317,65399,66.78955861026573
DevOps Engineer,52,Male,High School,20,132972,230440,97468,73.29964202990104
Project Manager,53,Male,PhD,31,141890,264166,122276,86.17661568820918
Designer,64,Other,High School,3,69333,95279,25946,37.42229529949663
Designer,22,Other,PhD,0,122888,218831,95943,78.0735303691166
DevOps Engineer,64,Male,PhD,16,202886,479314,276428,136.24794219413857
DevOps Engineer,43,Other,Bachelor,15,146324,287841,141517,96.71482463573986
Data Scientist,38,Other,Master,15,180353,404032,223679,124.0228884465465
Business Analyst,59,Female,Bachelor,14,96664,146915,50251,51.985227178680795
Software Engineer,50,Other,Master,24,199124,497999,298875,150.09491573090133
Product Manager,27,Female,Bachelor,5,125543,250446,124903,99.49021450817648
Project Manager,46,Other,High School,8,83009,125859,42850,51.62090857617848
DevOps Engineer,37,Male,PhD,2,142467,351456,208989,146.6929183600413
Project Manager,22,Other,Master,0,101283,191914,90631,89.48293395732749
Product Manager,65,Male,Bachelor,21,150080,273240,123160,82.06289978678039
Software Engineer,60,Other,Bachelor,18,156486,325535,169049,108.02819421545698
Product Manager,23,Other,PhD,1,150941,379308,228367,151.29553931668664
Business Analyst,61,Female,PhD,12,128420,225065,96645,75.25696931942065
Data Engineer,39,Other,Bachelor,12,136838,282027,145189,106.10283693126179
Software Engineer,30,Other,Master,6,168217,420702,252485,150.0948180029367
Business Analyst,28,Other,Bachelor,2,88627,143678,55051,62.115382445530145
Data Scientist,58,Male,Master,30,172207,371094,198887,115.49298228295018
Project Manager,48,Other,Bachelor,21,111513,181642,70129,62.888631818711715
Project Manager,63,Other,Master,2,90940,158308,67368,74.07961293160325
Software Engineer,43,Female,Master,16,195230,488261,293031,150.09527224299543
Product Manager,33,Female,Master,8,155097,328693,173596,111.92737448177593
DevOps Engineer,63,Male,High School,6,98843,171294,72451,73.29907024270813
Data Engineer,59,Female,Bachelor,5,123006,244813,121807,99.02525080077395
Product Manager,55,Other,PhD,31,192079,427777,235698,122.70888540652545
Consultant,42,Other,High School,15,103555,170293,66738,64.44691226884265
Data Scientist,60,Female,High School,10,119582,207235,87653,73.29949323476778
Designer,27,Female,High School,1,86227,124481,38254,44.3642942465817
Business Analyst,65,Male,Bachelor,40,108213,164468,56255,51.98543613059429
Data Scientist,57,Female,High School,7,105892,183510,77618,73.29921051637518
Designer,31,Other,PhD,8,141767,239872,98105,69.20157723588706
Software Engineer,63,Other,High School,25,124817,233420,108603,87.00978232131841
Software Engineer,25,Female,PhD,0,198291,609294,411003,207.27264474938346
Data Engineer,44,Male,High School,15,126186,234102,107916,85.52137321097428
Project Manager,54,Female,PhD,15,140006,260659,120653,86.17702098481493
Business Analyst,30,Male,Master,1,84565,143085,58520,69.20120617276652
Data Engineer,30,Female,PhD,2,151723,398025,246302,162.3366266156087
Software Engineer,37,Other,Bachelor,4,126057,272147,146090,115.89201710337387
DevOps Engineer,26,Other,PhD,4,165098,443849,278751,168.83971943936328
Product Manager,59,Other,High School,1,79116,131957,52841,66.78927144951716
Designer,39,Male,High School,15,102949,143822,40873,39.70218263411981
Software Engineer,59,Female,High School,14,116100,217118,101018,87.00947459086994
Data Scientist,24,Female,High School,0,95709,180419,84710,88.50787282282752
Data Scientist,38,Male,Master,10,150257,336610,186353,124.02284086598294
Data Scientist,63,Female,High School,12,114825,198991,84166,73.299368604398
Business Analyst,47,Other,PhD,12,135363,244135,108772,80.35578407688955
Data Scientist,55,Male,High School,22,136864,237184,100320,73.29904138414777
DevOps Engineer,56,Male,High School,10,104850,181704,76854,73.29899856938484
Data Engineer,35,Male,Master,8,145153,343629,198476,136.7357202400226
Data Engineer,57,Other,High School,31,129447,233052,103605,80.03661730283437
Data Scientist,26,Other,PhD,1,165625,445266,279641,168.83984905660375
Project Manager,22,Other,Master,0,115025,217953,102928,89.48315583568788
Data Scientist,23,Female,Bachelor,0,131484,276076,144592,109.96927382799429
DevOps Engineer,26,Female,Bachelor,1,128073,268914,140841,109.96931437539527
DevOps Engineer,52,Male,PhD,11,173282,409375,236093,136.2478503249039
Software Engineer,57,Female,Bachelor,0,123831,257603,133772,108.02787670292575
Data Scientist,23,Other,High School,0,93620,176481,82861,88.50779747917112
Designer,39,Female,Bachelor,14,116365,172248,55883,48.02389034503502
Data Engineer,42,Female,Bachelor,15,153942,317279,163337,106.10294786348105
Consultant,34,Male,Master,1,114445,229374,114929,100.4229105683953
Project Manager,25,Female,Master,1,115736,219300,103564,89.48296122209166
Data Scientist,39,Female,PhD,16,208251,513741,305490,146.69317314202573
Business Analyst,42,Female,Bachelor,9,85610,132949,47339,55.29611026749212
Consultant,45,Other,PhD,21,163754,356819,193065,117.89941009074587
Consultant,25,Other,High School,2,87645,151278,63633,72.60311483826801
Business Analyst,45,Male,Bachelor,20,113471,176216,62745,55.296066836460426
Software Engineer,58,Male,Bachelor,25,169672,352966,183294,108.02843132632374
Business Analyst,51,Male,PhD,14,122403,214520,92117,75.25714239030088
Consultant,24,Male,High School,2,97975,169108,71133,72.60321510589436
Designer,25,Other,High School,0,86732,125210,38478,44.36424848960015
Product Manager,23,Other,Bachelor,0,125049,249460,124411,99.48979999840063
Data Engineer,59,Other,High School,12,117521,211581,94060,80.0367593876839
Project Manager,45,Other,Bachelor,23,113223,184428,71205,62.889165628891654
Data Scientist,27,Other,PhD,1,172357,463364,291007,168.83967578920496
Project Manager,50,Male,Master,6,103605,185540,81935,79.08402104145553
Product Manager,29,Male,Master,3,139549,317852,178303,127.77089051157657
Product Manager,63,Female,PhD,38,210459,468711,258252,122.7089361823443
Data Scientist,30,Male,Bachelor,3,111062,218475,107413,96.71444778592138
Consultant,35,Female,PhD,9,140391,305911,165520,117.89929553888783
Software Engineer,50,Female,PhD,18,222717,621084,398367,178.8669028408249
Data Engineer,47,Other,High School,21,134540,249601,115061,85.52177790991526
Project Manager,65,Other,Bachelor,29,111734,177715,65981,59.051855299192724
DevOps Engineer,44,Other,Bachelor,12,123414,242774,119360,96.71512146109842
Consultant,24,Male,Bachelor,1,105787,200449,94662,89.48358493954834
Data Engineer,45,Female,High School,16,121328,225090,103762,85.52189107213503
Data Engineer,35,Other,High School,4,99381,184373,84992,85.52137732564574
Data Engineer,64,Other,PhD,0,156602,392324,235722,150.52298182654116
Software Engineer,32,Male,Master,10,167481,418862,251381,150.0952346833372
Designer,33,Female,PhD,0,125590,212501,86911,69.20216577753006
Project Manager,39,Female,High School,8,82833,125592,42759,51.62073086813227
Project Manager,58,Male,Bachelor,5,78836,125390,46554,59.051702267999396
DevOps Engineer,32,Male,Master,9,162429,363878,201449,124.02280380966452
Product Manager,26,Female,PhD,1,156929,394356,237427,151.29580893270204
Project Manager,27,Female,High School,3,80186,126627,46441,57.916593919138
Data Engineer,58,Female,Master,5,144992,329338,184346,127.1421871551534
Business Analyst,30,Male,Master,2,96180,162738,66558,69.20149719276357
Project Manager,46,Other,Bachelor,20,106744,173874,67130,62.88878063404032
Designer,34,Other,Bachelor,8,107134,158584,51450,48.02396998151847
Product Manager,56,Female,Bachelor,2,99923,181923,82000,82.06318865526455
Data Engineer,22,Female,Bachelor,0,117930,260557,142627,120.94208428728908
Consultant,30,Male,High School,6,94523,155440,60917,64.4467484104398
Business Analyst,23,Other,High School,0,66121,99845,33724,51.00346334749928
Business Analyst,41,Female,PhD,6,108275,195280,87005,80.35557607942738
Data Scientist,55,Other,High School,18,121607,210744,89137,73.29923441907127
Data Scientist,60,Female,PhD,35,206526,487913,281387,136.2477363624919
Consultant,49,Male,Bachelor,17,134133,240211,106078,79.0841925551505
DevOps Engineer,29,Other,High School,7,105550,198970,93420,88.50781620085267
Consultant,53,Male,High School,1,71017,113982,42965,60.49959868763817
Consultant,22,Female,Bachelor,0,115842,219501,103659,89.483089035065
Product Manager,57,Other,Master,0,126520,258586,132066,104.38349668036675
Project Manager,35,Female,PhD,8,129315,248500,119185,92.166415342381
Data Engineer,63,Other,Master,12,178377,405169,226792,127.1419521575091
Consultant,39,Female,PhD,7,136697,297862,161165,117.8994418312033
Product Manager,33,Other,Master,8,145002,307299,162297,111.9274216907353
DevOps Engineer,53,Other,Bachelor,28,158042,300871,142829,90.37407777679351
Designer,40,Other,PhD,18,155301,262772,107471,69.20174371060071
Consultant,23,Male,PhD,1,136677,320902,184225,134.7885891554541
Software Engineer,43,Female,High School,20,132547,255907,123360,93.0688736825428
Software Engineer,62,Other,PhD,21,199724,530408,330684,165.57048727243594
Data Engineer,63,Female,Master,11,172601,392050,219449,127.14236881593965
Product Manager,49,Male,High School,6,108036,184978,76942,71.21885297493428
Product Manager,36,Other,PhD,5,167443,388291,220848,131.89443571842358
Data Scientist,27,Other,PhD,4,188733,507389,318656,168.83957760434052
Software Engineer,27,Male,PhD,3,206962,635938,428976,207.27283269392447
Business Analyst,35,Male,High School,4,64684,94149,29465,45.552223115453586
Project Manager,39,Female,Master,5,101461,181701,80240,79.08457436847655
Data Scientist,44,Male,PhD,10,186064,459007,272943,146.693073351105
Data Scientist,61,Male,Bachelor,33,155010,295099,140089,90.37416940842526
Designer,37,Other,High School,12,96601,134954,38353,39.7024875518887
DevOps Engineer,44,Other,Master,15,179049,401111,222062,124.02303280107681
Project Manager,49,Other,Bachelor,17,112122,182634,70512,62.888639160914
Consultant,34,Male,Bachelor,12,106564,190839,84275,79.083930783379
Data Engineer,53,Male,PhD,5,177274,444113,266839,150.52348342114468
Consultant,41,Female,Bachelor,16,118382,212004,93622,79.08465814059569
Project Manager,55,Female,Master,13,108361,188635,80274,74.0801579904209
Software Engineer,36,Other,PhD,1,158783,442793,284010,178.86675525717487
Product Manager,48,Male,High School,2,94285,161434,67149,71.21917590284775
Data Scientist,62,Male,Master,30,174969,377046,202077,115.49303019392008
Software Engineer,39,Other,High School,14,138052,266535,128483,93.06855387824878
Consultant,35,Other,High School,0,75887,124794,48907,64.44713850857195
Project Manager,41,Male,PhD,14,136232,261792,125560,92.16630453931528
DevOps Engineer,49,Female,Bachelor,17,148548,292216,143668,96.71486657511377
Data Engineer,41,Female,Master,9,155007,366957,211950,136.73576032050164
DevOps Engineer,31,Female,Master,6,155829,349092,193263,124.02248618678166
DevOps Engineer,39,Male,Master,16,183646,411409,227763,124.02284830597998
Data Scientist,49,Female,PhD,27,227688,561691,334003,146.69328203506552
Data Scientist,26,Female,Master,1,137972,333893,195921,142.0005508364016
Data Scientist,62,Other,Master,36,198321,427367,229046,115.4925600415488
Data Scientist,43,Female,Master,18,177759,398221,220462,124.02297492672662
DevOps Engineer,60,Female,Master,16,181345,390785,209440,115.49256941189445
Data Engineer,60,Other,PhD,34,209223,524152,314929,150.5231260425479
Designer,38,Male,PhD,13,156079,264089,108010,69.202134816343
Data Scientist,61,Male,High School,38,129004,223563,94559,73.29927754178165
DevOps Engineer,35,Male,Bachelor,10,131382,258448,127066,96.71492289659162
Consultant,40,Male,Bachelor,11,105561,189043,83482,79.08413145006205
Consultant,25,Female,Master,0,138852,297557,158705,114.29795753752197
Data Scientist,32,Other,Master,7,135641,303867,168226,124.02297240509877
Designer,51,Male,High School,9,75760,104111,28351,37.42212249208025
Project Manager,55,Other,Master,15,128334,223404,95070,74.08013464865118
Business Analyst,43,Other,PhD,16,146361,263970,117609,80.35542255108943
Data Scientist,47,Male,High School,18,137170,244494,107324,78.24159801705912
Software Engineer,29,Female,PhD,5,216813,666208,449395,207.2730878683474
Software Engineer,47,Female,Master,7,166414,416193,249779,150.09494393500546
Project Manager,60,Other,High School,27,95347,141646,46299,48.55842344279316
Consultant,41,Male,PhD,18,188505,410752,222247,117.89979045648657
Product Manager,55,Female,PhD,18,179955,400776,220821,122.70901058597983
Consultant,29,Other,Bachelor,2,101031,191437,90406,89.4834258791856
Designer,41,Male,PhD,1,126405,213880,87475,69.2021676357739
Business Analyst,58,Male,Master,5,90357,149014,58657,64.9169405801432
Designer,60,Other,Master,35,146729,229177,82448,56.19066442216604
Business Analyst,54,Other,Master,1,88752,146367,57615,64.91684694429422
Consultant,45,Other,PhD,14,172923,376798,203875,117.89929621854813
Designer,35,Female,Bachelor,0,85256,126199,40943,48.0235995120578
Data Engineer,37,Male,Bachelor,7,126183,260067,133884,106.10304082166377
Consultant,54,Female,Master,9,124235,240759,116524,93.79321447257215
Software Engineer,39,Male,High School,1,103806,200417,96611,93.06880141802979
Business Analyst,41,Female,High School,14,79256,115359,36103,45.552387200969015
Consultant,55,Other,Master,32,156931,304121,147190,93.79281340206842
Data Engineer,36,Other,Bachelor,10,141450,291532,150082,106.10250972074937
Data Scientist,39,Male,Master,5,157278,352339,195061,124.02306743473339
Product Manager,23,Other,PhD,0,161632,406174,244542,151.29553553751734
Designer,34,Other,PhD,7,139640,236274,96634,69.20223431681467
Project Manager,49,Male,Bachelor,6,84237,137213,52976,62.889229198570696
Project Manager,57,Other,High School,35,95026,141169,46143,48.55828931029402
Consultant,52,Female,Bachelor,23,125240,218018,92778,74.08016608112425
Designer,26,Other,PhD,3,130323,232070,101747,78.07294184449405
DevOps Engineer,48,Female,Bachelor,23,170128,334667,164539,96.71482648358882
DevOps Engineer,60,Female,High School,14,115446,200067,84621,73.29920482303415
DevOps Engineer,37,Male,PhD,11,176323,434977,258654,146.6932844835898
Data Engineer,56,Male,High School,28,136827,246339,109512,80.03683483522988
Data Engineer,36,Female,PhD,0,156628,410892,254264,162.33623617743953
Project Manager,23,Male,Bachelor,1,83295,142279,58984,70.81337415210997
Consultant,51,Female,High School,14,107373,172334,64961,60.50031199649819
Data Scientist,32,Female,Master,7,151636,339699,188063,124.02265952676146
Data Scientist,31,Other,Master,0,128725,288373,159648,124.0225286463391
Project Manager,57,Other,Master,30,130199,226650,96451,74.07967803132128
Data Scientist,57,Male,High School,7,92870,160943,68073,73.29923549047055
Product Manager,42,Male,Master,18,162614,344624,182010,111.92763230718141
Data Scientist,56,Other,Master,4,147945,318811,170866,115.49291966609212
Project Manager,45,Other,Master,20,134540,240940,106400,79.08428720083248
Software Engineer,29,Other,Bachelor,6,149921,348458,198537,132.42774527918039
Business Analyst,58,Female,High School,19,85961,122832,36871,42.892707157897185
Data Scientist,63,Other,Master,2,123589,266325,142736,115.49247910412738
Project Manager,50,Male,Bachelor,1,84974,138413,53439,62.88864829241886
Data Scientist,65,Male,High School,19,122886,212961,90075,73.29964357209121
Product Manager,56,Other,PhD,5,162013,360817,198804,122.708671526359
Data Engineer,22,Female,High School,0,99078,195129,96051,96.9448313450009
Business Analyst,50,Female,PhD,11,121872,219803,97931,80.35561901010897
Data Engineer,52,Male,Bachelor,8,118114,235076,116962,99.02467108048157
Product Manager,62,Male,Master,1,126954,259473,132519,104.38347748003214
Software Engineer,65,Male,PhD,33,245088,650881,405793,165.57032576054317
Data Scientist,43,Female,Master,13,182314,408425,226111,124.0228397160942
Software Engineer,28,Male,PhD,0,185807,570934,385127,207.27260006350673
Designer,65,Other,PhD,36,158045,260643,102598,64.91695403207946
Data Engineer,26,Female,High School,0,118936,234238,115302,96.94457523373914
DevOps Engineer,42,Female,High School,0,101100,180202,79102,78.24134520276954
Business Analyst,41,Female,High School,12,88555,128893,40338,45.55135226695274
Project Manager,44,Female,High School,19,97995,148581,50586,51.62100107148324
Designer,52,Other,Master,5,114757,179239,64482,56.19003633765261
Designer,56,Male,Bachelor,16,103585,150407,46822,45.2015253173722
Designer,36,Other,Bachelor,10,108540,160665,52125,48.02377003869541
Data Engineer,23,Female,Bachelor,0,134815,297863,163048,120.94203167303341
Data Scientist,34,Other,Master,9,153186,343172,189986,124.02308304936483
Data Scientist,42,Male,High School,15,110696,197306,86610,78.2413095324131
Project Manager,45,Other,PhD,1,111365,214006,102641,92.16630000448974
Product Manager,44,Male,Master,12,157891,334614,176723,111.92721561076947
Software Engineer,37,Female,Bachelor,0,129414,279395,149981,115.8924073129646
Business Analyst,22,Female,Bachelor,0,79651,129126,49475,62.114725489949905
DevOps Engineer,51,Female,High School,27,132092,228915,96823,73.29966992702056
Project Manager,40,Female,Bachelor,14,97073,158121,61048,62.8887538244414
Consultant,27,Female,Bachelor,3,109606,207685,98079,89.48323996861485
Designer,62,Female,Bachelor,29,117957,171276,53319,45.20206515933772
DevOps Engineer,55,Male,PhD,15,182960,432239,249279,136.247813729777
Project Manager,23,Other,Bachelor,1,91166,155724,64558,70.81368053879736
Business Analyst,35,Other,PhD,7,114740,206940,92200,80.35558654348964
Consultant,59,Male,Master,25,162642,315189,152547,93.79311616925517
Designer,51,Other,PhD,29,169739,279929,110190,64.91731422949351
Business Analyst,54,Male,Master,13,105149,173409,68260,64.9174029234705
Consultant,57,Female,PhD,15,164991,346270,181279,109.87205362716755
Software Engineer,36,Male,Bachelor,11,160967,347515,186548,115.89207725807154
Data Engineer,50,Female,Bachelor,3,132146,272357,140211,106.10309808847789
Data Scientist,31,Other,High School,5,110298,196597,86299,78.24167255979256
Product Manager,42,Other,Master,20,169680,359598,189918,111.92715700141443
Business Analyst,30,Other,High School,4,70865,103145,32280,45.5514005503422
Project Manager,31,Female,PhD,2,114688,220392,105704,92.16657366071429
Project Manager,59,Male,PhD,33,147164,273985,126821,86.17664646245005
Data Scientist,64,Female,Master,17,160315,345467,185152,115.49262389670336
Consultant,41,Other,Master,12,133933,268432,134499,100.42259935938118
DevOps Engineer,23,Male,PhD,1,152695,410505,257810,168.83984413373062
DevOps Engineer,56,Female,Master,34,191823,413365,221542,115.4929283766806
Product Manager,59,Female,High School,28,120141,200382,80241,66.78902289809474
Business Analyst,25,Male,Bachelor,3,94261,152811,58550,62.1147664463564
Consultant,50,Other,Bachelor,1,100000,179084,79084,79.084
Project Manager,60,Other,PhD,25,144916,269800,124884,86.17681967484612
Business Analyst,59,Female,High School,31,87069,124415,37346,42.892418656467854
Project Manager,48,Female,PhD,6,120769,232078,111309,92.16686401311594
Project Manager,36,Male,Bachelor,8,83538,136074,52536,62.888745241686415
Business Analyst,60,Male,Master,24,117215,193308,76093,64.91745936953461
Data Scientist,50,Male,Bachelor,5,109389,215184,105795,96.71447768971287
Consultant,58,Male,Master,13,123371,239084,115713,93.79270655178283
Project Manager,24,Female,Master,2,121925,231028,109103,89.48369899528399
Project Manager,40,Other,High School,1,68472,103818,35346,51.621100595864
Project Manager,47,Other,High School,16,86649,131378,44729,51.620907338803676
Data Engineer,40,Male,Master,0,143372,339413,196041,136.73590380269508
Business Analyst,51,Male,Master,16,120732,199108,78376,64.91733757413112
Project Manager,34,Female,Bachelor,9,89377,145585,56208,62.88866263132573
Data Engineer,41,Male,PhD,15,187201,491097,303896,162.3367396541685
Data Scientist,61,Female,High School,22,115869,200800,84931,73.29915680639343
Software Engineer,62,Other,PhD,22,197995,525816,327821,165.57034268542134
Consultant,62,Male,PhD,15,144677,303637,158960,109.87233630777524
Business Analyst,30,Female,High School,6,70353,102400,32047,45.551717766122266
Product Manager,65,Male,PhD,5,155232,345715,190483,122.70859101216244
Project Manager,48,Female,Master,5,98871,177062,78191,79.08385674262422
Product Manager,39,Female,PhD,2,152850,354451,201601,131.89466797513901
Product Manager,59,Male,Bachelor,20,141715,258011,116296,82.06329605193523
Project Manager,50,Female,Master,15,134824,241449,106625,79.08458434700053
Product Manager,39,Male,High School,4,102549,175584,73035,71.21961208787994
DevOps Engineer,22,Male,High School,0,99161,186926,87765,88.50757858432246
Product Manager,40,Male,Master,12,152552,323299,170747,111.92708060202423
DevOps Engineer,44,Female,Master,6,137919,308970,171051,124.02279598895004
Business Analyst,55,Female,Master,32,122481,201992,79511,64.91700753586271
Data Scientist,52,Other,PhD,25,218759,516814,298055,136.24810864924416
Designer,30,Male,High School,3,81950,114486,32536,39.702257474069555
Designer,47,Female,PhD,13,146291,247527,101236,69.20179641946531
Data Scientist,64,Male,PhD,27,218711,516700,297989,136.24783389952952
Designer,54,Other,PhD,6,131724,217235,85511,64.91679572439342
Data Scientist,58,Male,High School,16,113051,195917,82866,73.29966121484993
Data Engineer,60,Other,PhD,29,224915,563464,338549,150.5230864993442
Data Engineer,30,Other,High School,5,97156,180245,83089,85.52122359916011
Designer,57,Female,PhD,1,103360,170458,67098,64.91679566563468
Project Manager,30,Female,High School,0,75064,113813,38749,51.62128317169349
Data Scientist,52,Male,Master,13,142967,308083,165116,115.4923863548931
Business Analyst,40,Other,High School,8,71705,104368,32663,45.55191409246217
DevOps Engineer,46,Female,High School,2,96360,171753,75393,78.24097135740972
Business Analyst,28,Other,Bachelor,1,80840,131054,50214,62.115289460663035
Designer,33,Female,Bachelor,1,89833,132974,43141,48.02355481838523
Product Manager,23,Male,PhD,1,170098,427449,257351,151.2957236416654
Consultant,48,Female,High School,8,100599,165432,64833,64.44696269346613
Software Engineer,22,Male,Bachelor,0,131345,305282,173937,132.42757623053788
Designer,62,Female,Bachelor,11,107472,156051,48579,45.20154086645824
Data Scientist,55,Male,Master,9,158165,340834,182669,115.49268169316854
Business Analyst,36,Male,PhD,9,114090,205768,91678,80.35585940923832
Software Engineer,23,Female,High School,1,118808,244411,125603,105.71931183085314
Consultant,30,Female,Master,5,117654,235805,118151,100.42242507692045
Consultant,38,Male,Master,6,115269,231025,115756,100.42249000164831
Business Analyst,41,Other,PhD,11,115821,208890,93069,80.3558940088585
Business Analyst,62,Male,Bachelor,12,83885,127492,43607,51.984264171186744
Designer,43,Male,High School,1,73045,102045,29000,39.70155383667603
Software Engineer,45,Female,High School,21,132687,256177,123490,93.06865028224317
Data Scientist,35,Other,Bachelor,6,132526,260698,128172,96.7146069450523
Project Manager,49,Other,PhD,13,132561,254738,122177,92.16662517633392
DevOps Engineer,22,Other,Bachelor,0,115280,242053,126773,109.96963913948647
Product Manager,55,Other,Master,15,143664,293626,149962,104.38384007127743
Business Analyst,59,Male,Master,24,132883,219147,86264,64.91725803902682
Consultant,36,Other,PhD,1,135492,295236,159744,117.89921176158002
Software Engineer,41,Male,Bachelor,9,135025,291508,156483,115.89187187557859
Project Manager,49,Male,Bachelor,26,113387,184695,71308,62.88904371753375
Software Engineer,30,Other,PhD,4,178594,498040,319446,178.86715119208932
Business Analyst,46,Female,Master,24,122793,207768,84975,69.20182746573502
Project Manager,38,Other,Master,4,101480,181735,80255,79.08454867954276
DevOps Engineer,53,Female,High School,7,94591,163925,69334,73.2987282088148
Project Manager,65,Female,Master,38,129587,225585,95998,74.0799617245557
Product Manager,63,Female,High School,9,103228,172173,68945,66.78904948269849
Software Engineer,47,Female,High School,20,139343,269028,129685,93.06890191828796
Data Engineer,38,Male,High School,13,112027,207834,95807,85.52134753229133
Product Manager,40,Male,High School,6,102874,176140,73266,71.21916130411961
Product Manager,47,Female,High School,1,94662,162079,67417,71.21865162367159
Consultant,26,Female,PhD,4,139935,328551,188616,134.7882945653339
Data Engineer,36,Female,Bachelor,14,159343,328410,169067,106.10255863138009
DevOps Engineer,52,Female,High School,1,92457,160227,67770,73.29893896622214
Data Engineer,32,Other,High School,8,117229,217485,100256,85.5215006525689
Consultant,42,Other,PhD,9,146626,319497,172871,117.89928116432284
Consultant,61,Male,High School,10,95215,152820,57605,60.499921230898494
Software Engineer,60,Female,Bachelor,4,115458,240185,124727,108.02802750783836
Product Manager,31,Other,Bachelor,6,121313,227721,106408,87.71360035610364
Data Engineer,24,Female,PhD,1,187502,539029,351527,187.47906688995317
Consultant,43,Other,Master,4,128183,256908,128725,100.42283298097252
Data Engineer,29,Male,Master,7,170620,438537,267917,157.02555386238424
Data Scientist,25,Female,PhD,3,163494,439537,276043,168.8398351009823
Designer,62,Male,High School,37,102420,140748,38328,37.4223784417106
Product Manager,58,Other,Master,15,170125,347708,177583,104.38383541513593
Business Analyst,42,Female,Bachelor,14,97435,151313,53878,55.29635141376302
Data Scientist,53,Male,PhD,25,201943,477086,275143,136.2478521166864
Product Manager,41,Female,Bachelor,15,141664,265922,124258,87.71318048339734
Data Scientist,35,Female,Bachelor,1,114289,224823,110534,96.71446945900306
Product Manager,50,Male,Master,10,139244,295096,155852,111.9272643704576
Designer,40,Other,PhD,1,116116,196470,80354,69.20148816700541
Consultant,31,Male,PhD,8,139733,304478,164745,117.89985186033363
Data Scientist,37,Female,High School,1,88830,158332,69502,78.24158505009568
Software Engineer,31,Female,Master,4,152415,381182,228767,150.094806941574
Data Engineer,27,Other,High School,5,128499,253072,124573,96.94472330523973
Data Engineer,56,Male,Bachelor,15,133804,266303,132499,99.02469283429494
Data Engineer,40,Other,PhD,3,155824,408783,252959,162.33635383509602
Data Scientist,45,Other,Bachelor,15,143897,283067,139170,96.71501143178801
Consultant,39,Female,High School,6,88786,146006,57220,64.44709751537404
Project Manager,63,Male,Master,22,136106,236933,100827,74.0797613624675
DevOps Engineer,62,Male,Bachelor,22,144826,275711,130885,90.37396600058001
Product Manager,32,Other,High School,7,97551,167026,69475,71.21915715881948
Data Scientist,31,Female,Master,6,138174,309541,171367,124.0226091739401
Data Scientist,39,Female,Bachelor,11,136364,268248,131884,96.7146754275322
DevOps Engineer,56,Female,High School,22,125711,217856,92145,73.2990748621839
Designer,57,Other,Master,19,130285,203493,73208,56.190658940016114
Project Manager,53,Other,PhD,28,138644,258123,119479,86.17682698133349
Product Manager,57,Female,Bachelor,31,133321,242728,109407,82.06284081277518
Product Manager,32,Male,Bachelor,6,113366,212803,99437,87.71324735811442
Software Engineer,32,Other,Bachelor,1,118768,256411,137643,115.89232789977098
Consultant,32,Male,PhD,2,142950,311487,168537,117.89926547743967
Product Manager,55,Female,Bachelor,1,99940,181954,82014,82.06323794276565
Data Engineer,32,Female,High School,9,127365,236290,108925,85.5219251756762
Designer,43,Female,Master,16,149597,239075,89478,59.81269677867872
Data Engineer,57,Female,High School,27,141475,254707,113232,80.0367556105319
DevOps Engineer,30,Female,Bachelor,4,130353,256424,126071,96.71507368453354
Project Manager,48,Other,PhD,25,165290,317632,152342,92.16649525077138
Product Manager,48,Male,Bachelor,7,128060,240386,112326,87.71357176323599
DevOps Engineer,28,Male,High School,6,121019,228130,107111,88.50758971731712
Product Manager,27,Other,Master,2,145096,330486,185390,127.77057947841428
Software Engineer,52,Other,Bachelor,10,149075,310118,161043,108.02817373805131
Business Analyst,24,Female,Master,1,100052,178166,78114,78.07340183104785
DevOps Engineer,43,Male,Bachelor,17,144312,283883,139571,96.71475691557183
Business Analyst,50,Male,Bachelor,9,80199,124546,44347,55.29620070075687
Business Analyst,52,Other,Bachelor,3,81670,124126,42456,51.98481694624709
Data Engineer,23,Male,High School,1,101984,200852,98868,96.94461876372765
Consultant,28,Female,High School,2,94023,162287,68264,72.60351190666114
Software Engineer,47,Other,Master,11,161120,402953,241833,150.09496027805363
Designer,59,Other,Bachelor,33,117378,170435,53057,45.20182657738248
Consultant,22,Male,PhD,0,148770,349295,200525,134.78859985212074
Project Manager,50,Female,High School,0,74434,112857,38423,51.62022731547411
DevOps Engineer,61,Other,High School,4,93480,162000,68520,73.29910141206675
Software Engineer,38,Other,Master,5,165390,413632,248242,150.094927141907
Product Manager,46,Female,Master,20,173981,368713,194732,111.92716446048708
Designer,53,Other,Bachelor,20,122355,177662,55307,45.202075926607
Data Engineer,55,Female,Bachelor,13,148694,295938,147244,99.02484296609143
Data Scientist,30,Other,PhD,6,154056,380046,225990,146.6934101885029
Data Engineer,30,Other,High School,6,108165,200670,92505,85.52211898488422
Product Manager,55,Other,PhD,18,181322,403820,222498,122.70877223944143
Project Manager,28,Male,High School,0,78307,123660,45353,57.91691675073748
Data Engineer,45,Other,Master,19,193810,458818,265008,136.73597853567927
Product Manager,25,Other,Bachelor,1,107724,214898,107174,99.48943596598716
Project Manager,52,Other,Bachelor,5,80568,128145,47577,59.05198093535895
Data Engineer,49,Other,Master,9,175794,416168,240374,136.7361798468662
Software Engineer,26,Other,PhD,3,191518,588483,396965,207.27294562391
Project Manager,53,Male,PhD,15,140150,260927,120777,86.17695326435961
Product Manager,33,Male,PhD,2,151732,351858,200126,131.8943927451032
Data Engineer,27,Other,High School,0,105356,207493,102137,96.94464482326588
Designer,55,Female,High School,10,81054,111386,30332,37.42196560317812
Designer,41,Other,Bachelor,1,82468,122072,39604,48.02347577242082
Project Manager,44,Female,PhD,5,131887,253443,121556,92.1667791366852
Software Engineer,58,Female,Bachelor,31,157254,327133,169879,108.02841263179315
Consultant,43,Other,PhD,6,152611,332539,179928,117.89975820877918
DevOps Engineer,40,Other,Master,15,175765,393754,217989,124.02298523596849
Product Manager,50,Other,Master,17,174334,369461,195127,111.92710544127937
Software Engineer,36,Other,PhD,13,217787,607336,389549,178.86696634785363
Project Manager,35,Female,Bachelor,0,76846,125174,48328,62.88941519402441
Software Engineer,33,Other,PhD,9,193518,539658,346140,178.8670821318947
DevOps Engineer,32,Other,High School,5,98195,175024,76829,78.24125464636693
Consultant,40,Female,Master,8,138493,277572,139079,100.42312607857437
Business Analyst,29,Female,Bachelor,7,105335,170764,65429,62.11515640575307
Designer,65,Male,Master,3,105212,164331,59119,56.190358514237914
Software Engineer,57,Female,PhD,10,199058,528639,329581,165.57033628389715
Project Manager,41,Female,Master,12,129178,231338,102160,79.08467386087415
Software Engineer,26,Female,Bachelor,2,133193,309578,176385,132.42813060746437
Designer,55,Female,High School,22,94644,130062,35418,37.422340560415876
Software Engineer,61,Male,High School,30,134489,251507,117018,87.00934648930397
Data Scientist,44,Female,Bachelor,5,128271,252328,124057,96.71476795222614
Business Analyst,29,Female,Bachelor,2,78945,127982,49037,62.11539679523719
Business Analyst,48,Female,Master,16,124995,211494,86499,69.20196807872316
Data Engineer,58,Other,Master,30,188679,428570,239891,127.14239528511386
Designer,27,Other,Bachelor,2,97279,149631,52352,53.81634268444372
Consultant,49,Other,PhD,26,173426,377895,204469,117.89985353983832
Designer,42,Male,Master,13,137573,219859,82286,59.812608578718205
Software Engineer,62,Other,Master,16,195084,466944,271860,139.3553546164729
Business Analyst,42,Female,Master,0,89339,151163,61824,69.20158049675953
Consultant,51,Male,PhD,18,176339,370086,193747,109.87189447598091
Data Engineer,51,Other,PhD,14,192325,481819,289494,150.52333290003898
Product Manager,60,Female,Bachelor,12,115816,210858,95042,82.06292740208607
Business Analyst,48,Other,PhD,12,123949,223549,99600,80.355630138202
Data Engineer,28,Other,Master,5,152590,392195,239605,157.0253620813946
Data Scientist,41,Female,Master,5,152065,340660,188595,124.02262190510638
Business Analyst,36,Female,PhD,3,114005,205614,91609,80.35524757686066
Designer,23,Male,High School,1,76588,110566,33978,44.36465242596751
Data Scientist,62,Male,Master,8,134753,290383,155630,115.4927905130127
Consultant,23,Male,Bachelor,1,98412,186474,88062,89.48298987928301
DevOps Engineer,35,Female,Bachelor,3,114070,224392,110322,96.71429823792408
Software Engineer,42,Other,PhD,7,185007,515924,330917,178.867286102688
Project Manager,61,Other,Bachelor,17,106549,169468,62919,59.05170391087668
DevOps Engineer,48,Other,Master,16,183723,411581,227858,124.02257746716525
Software Engineer,58,Other,Bachelor,33,160788,334484,173696,108.02796228574272
Business Analyst,38,Other,Master,13,103610,175310,71700,69.20181449667021
Designer,50,Male,Master,3,113088,180729,67641,59.81271222410866
Software Engineer,47,Female,PhD,7,175473,489336,313863,178.86683421381068
Data Scientist,48,Other,Master,15,168118,376623,208505,124.02300764938911
Project Manager,37,Female,PhD,11,142479,273797,131318,92.16656489728311
Data Engineer,24,Other,High School,1,117187,230794,113607,96.94505363222883
Designer,63,Male,High School,3,69464,95459,25995,37.42226189105148
Data Engineer,36,Other,Master,10,179579,425128,245549,136.73592123800665
Project Manager,63,Female,Bachelor,17,93851,149272,55421,59.05211452195501
Designer,56,Other,Master,32,143112,223527,80415,56.190256582257256
Software Engineer,47,Male,High School,7,126348,243938,117590,93.06835090385285
Designer,58,Female,Bachelor,25,108807,157990,49183,45.2020550148428
DevOps Engineer,56,Female,High School,28,135893,235502,99609,73.2995812882194
Data Scientist,23,Female,PhD,0,175130,470819,295689,168.83971906583682
Data Scientist,22,Other,Bachelor,0,120550,253118,132568,109.96930734135213
DevOps Engineer,52,Female,High School,30,128925,223426,94501,73.29920496412643
Data Engineer,52,Female,High School,12,120084,216196,96112,80.03730721828055
Designer,36,Other,Master,9,124885,199582,74697,59.81262761740802
DevOps Engineer,61,Male,High School,38,131093,227183,96090,73.29910826665039
Data Scientist,48,Female,High School,3,108119,192713,84594,78.24156716210841
Product Manager,30,Female,Master,6,153883,326120,172237,111.92724342519966
DevOps Engineer,62,Female,Bachelor,0,104797,199506,94709,90.37377024151455
Project Manager,30,Other,Master,2,104988,188017,83029,79.08427629824361
Product Manager,42,Other,Master,9,141448,299767,158319,111.92735139415191
DevOps Engineer,50,Female,Bachelor,22,161193,317091,155898,96.71511790214215
DevOps Engineer,58,Male,Master,19,183717,395897,212180,115.49285041667348
Data Scientist,22,Male,High School,0,103010,194182,91172,88.50791185321813
Data Scientist,58,Female,PhD,26,190013,448902,258889,136.24804618631356
Product Manager,24,Other,Bachelor,0,115135,229683,114548,99.49016372084944
Project Manager,28,Male,Master,0,111050,210421,99371,89.4831157136425
Data Scientist,53,Female,High School,22,115611,200353,84742,73.29925353123838
Product Manager,25,Female,PhD,3,166013,417183,251170,151.2953804822514
Data Scientist,54,Other,High School,27,122855,212907,90052,73.29941801310488
Consultant,52,Female,PhD,16,170056,356900,186844,109.87204215082092
Business Analyst,32,Female,Bachelor,9,96227,149437,53210,55.29633055171625
Consultant,63,Male,Master,16,149420,289565,140145,93.79266497122207
Designer,36,Male,High School,3,74886,104617,29731,39.70167988676121
Product Manager,25,Other,Master,2,149206,339847,190641,127.7703309518384
DevOps Engineer,50,Female,High School,22,147061,262124,115063,78.24168202310607
Product Manager,31,Other,PhD,8,165976,384889,218913,131.89437027040054
Data Engineer,35,Female,High School,5,120627,223789,103162,85.52148358161938
Software Engineer,36,Other,High School,3,116330,224597,108267,93.06885584114158
Designer,54,Female,PhD,22,142421,234877,92456,64.91739280021906
Data Scientist,50,Female,Bachelor,19,144744,284733,139989,96.71488973636212
Data Engineer,57,Other,Master,28,196687,446759,250072,127.1421090361844
Software Engineer,37,Other,Bachelor,15,165485,357269,191784,115.89207481040577
Data Scientist,61,Female,High School,14,126727,219617,92890,73.2992969138384
Software Engineer,41,Female,PhD,5,196349,547553,351204,178.86722112157435
Data Scientist,63,Other,High School,3,96890,167910,71020,73.29961812364537
Business Analyst,47,Other,PhD,24,132891,239676,106785,80.35532880330496
Software Engineer,46,Female,PhD,15,195178,544287,349109,178.866982959145
DevOps Engineer,60,Female,Bachelor,38,169681,323029,153348,90.37429058055999
DevOps Engineer,30,Other,Bachelor,4,127375,250565,123190,96.7144259077527
Product Manager,42,Other,PhD,8,156330,362521,206191,131.89470990852683
Designer,50,Other,Bachelor,9,90348,133737,43389,48.02430601673529
Business Analyst,42,Other,Master,13,108321,183281,74960,69.20172450402046
Business Analyst,60,Other,High School,2,68078,97278,29200,42.89197685008373
Consultant,35,Female,High School,2,78959,129846,50887,64.4473714206107
Business Analyst,26,Other,Master,2,103167,183713,80546,78.07341494857852
DevOps Engineer,57,Other,Bachelor,26,154776,294653,139877,90.37383056804671
Product Manager,29,Female,High School,6,107541,194002,86461,80.39817371979059
DevOps Engineer,39,Other,PhD,9,162288,400353,238065,146.69291629695357
Designer,37,Male,Master,14,139345,222691,83346,59.812695109261185
Data Scientist,57,Male,Master,26,184195,396927,212732,115.49282010912347
Data Engineer,24,Other,Bachelor,1,126080,278564,152484,120.94225888324873
Designer,58,Female,PhD,24,153542,253217,99675,64.91709108908312
Designer,51,Other,PhD,17,151906,250519,98613,64.91711979776967
Business Analyst,46,Male,PhD,3,113575,204839,91264,80.35571208452565
Business Analyst,31,Male,Bachelor,6,80254,124632,44378,55.296932240137565
Software Engineer,29,Female,PhD,1,169736,521553,351817,207.27305933920914
Project Manager,22,Female,Master,0,97425,184604,87179,89.48319219912754
Consultant,38,Male,Bachelor,0,104237,186672,82435,79.0842023465756
Designer,64,Other,PhD,23,139572,230178,90606,64.91703206946951
Business Analyst,57,Female,Master,24,111863,184481,72618,64.91690728837953
Consultant,36,Other,Bachelor,1,101979,182628,80649,79.08392904421498
Product Manager,52,Male,Bachelor,16,144804,263635,118831,82.06334079169085
Product Manager,65,Other,High School,30,135200,225499,90299,66.78920118343196
Consultant,47,Male,Bachelor,5,106052,189922,83870,79.08384566061932
DevOps Engineer,24,Other,High School,0,93150,175595,82445,88.5077831454643
Consultant,38,Male,Master,15,134473,269515,135042,100.42313326838845
Designer,38,Other,Master,2,106803,170685,63882,59.8129266031853
Consultant,55,Female,High School,25,104774,168163,63389,60.50069673774028
DevOps Engineer,46,Male,High School,5,93774,167144,73370,78.24130355962207
Consultant,65,Other,High School,25,104496,167716,63220,60.499923442045635
Product Manager,41,Female,PhD,8,152453,353530,201077,131.89441991958176
Data Engineer,64,Other,PhD,26,193607,485031,291424,150.5234831385229
Data Engineer,43,Other,High School,9,111782,207380,95598,85.52181925533628
Data Scientist,44,Female,High School,0,97258,173354,76096,78.24137860124617
DevOps Engineer,49,Male,Master,13,168350,377142,208792,124.02257202257204
Consultant,23,Male,High School,1,90938,156962,66024,72.60331214673734
Product Manager,49,Female,PhD,2,137133,318004,180871,131.89458408989813
DevOps Engineer,48,Male,Bachelor,26,145567,286352,140785,96.71491478150955
Designer,60,Female,Master,19,133868,209089,75221,56.190426390175396
Product Manager,42,Female,High School,18,128971,220823,91852,71.21911127307689
Data Scientist,46,Male,PhD,23,228161,562858,334697,146.69334373534477
Data Engineer,59,Male,High School,18,138781,249857,111076,80.03689265821691
Project Manager,43,Male,High School,14,79080,119902,40822,51.62114314618108
Business Analyst,25,Male,PhD,3,126509,241575,115066,90.95479373009034
DevOps Engineer,54,Male,High School,6,108156,187434,79278,73.29967824253856
Data Scientist,27,Other,Bachelor,1,123648,259623,135975,109.9694293478261
Business Analyst,64,Other,Bachelor,7,80115,121763,41648,51.98527117268926
Data Engineer,48,Female,High School,14,139257,258352,119095,85.52173319833113
Product Manager,63,Other,PhD,33,186280,414862,228582,122.70882542409277
Project Manager,26,Female,Master,3,115214,218311,103097,89.48304893502525
Designer,34,Other,PhD,8,145763,246634,100871,69.20206087964709
Consultant,41,Male,High School,15,103502,170206,66704,64.44706382485363
Consultant,38,Male,High School,3,94017,154608,60591,64.44685535594627
Business Analyst,54,Other,Master,31,117560,193876,76316,64.91663831235114
Data Scientist,25,Male,Bachelor,0,113186,237656,124470,109.96943084833812
Project Manager,45,Female,Master,3,105413,188778,83365,79.08417367876828
Data Engineer,57,Male,Master,34,177505,403189,225684,127.14233401876002
Business Analyst,65,Female,Master,7,105711,174335,68624,64.91661227308416
Project Manager,52,Male,High School,19,90404,134303,43899,48.55869209327021
DevOps Engineer,57,Other,Bachelor,22,138165,263030,124865,90.37382839358737
Product Manager,61,Female,Master,6,129725,265137,135412,104.38388899595297
Designer,51,Other,Master,17,128854,201258,72404,56.19072749002747
Data Scientist,60,Female,Bachelor,29,141702,269764,128062,90.3741655022512
Business Analyst,39,Male,High School,12,73874,107525,33651,45.55188564312208
Project Manager,59,Male,Bachelor,14,100600,160006,59406,59.05168986083499
Project Manager,56,Other,Master,5,96592,168147,71555,74.0796339241345
Project Manager,53,Other,Master,12,118915,207007,88092,74.07980490266156
Data Scientist,49,Female,High School,10,121132,215907,94775,78.24109236205132
Project Manager,22,Male,High School,0,67541,106658,39117,57.915932544676565
Software Engineer,25,Other,PhD,3,170790,524791,354001,207.27267404414778
Data Scientist,47,Female,High School,19,130409,232443,102034,78.24153240957295
Software Engineer,61,Female,High School,24,133080,248872,115792,87.00931770363691
Software Engineer,38,Other,High School,1,111453,215181,103728,93.06882721864822
Consultant,25,Male,PhD,2,135534,318218,182684,134.7883187982351
Consultant,54,Male,Master,19,143412,277922,134510,93.79270911778652
Designer,48,Female,Bachelor,20,117738,174281,56543,48.02442711783791
Data Engineer,30,Male,PhD,0,147201,386162,238961,162.33653303985707
Data Engineer,49,Other,PhD,6,160721,421630,260909,162.33659571555677
Project Manager,58,Female,Master,12,106027,184572,78545,74.08018712214813
Business Analyst,40,Other,Master,11,114861,194347,79486,69.20190491115348
Product Manager,33,Female,PhD,4,163079,378171,215092,131.8943579492148
Product Manager,39,Female,PhD,11,162803,377531,214728,131.89437541077254
Product Manager,33,Other,PhD,6,169627,393356,223729,131.894686577019
Designer,46,Male,Master,3,99522,159049,59527,59.81290568919435
Software Engineer,29,Other,Bachelor,6,140114,325664,185550,132.42788015473116
Data Engineer,53,Male,High School,23,136290,245372,109082,80.03668647736444
Product Manager,63,Female,PhD,30,214715,478189,263474,122.7087068905293
Designer,54,Other,PhD,19,160253,264285,104032,64.91734944119611
Project Manager,35,Male,Master,11,108596,194478,85882,79.0839441600059
Designer,64,Male,Bachelor,15,96945,140766,43821,45.20191861364691
Product Manager,25,Other,Bachelor,1,122014,243406,121392,99.49022243349124
DevOps Engineer,23,Other,High School,1,114722,216260,101538,88.50787120168756
Product Manager,54,Other,Master,3,136984,279973,142989,104.38372364655726
Product Manager,65,Other,PhD,23,181314,403802,222488,122.70867114508532
Software Engineer,23,Female,High School,0,111861,230120,118259,105.71959843019461
DevOps Engineer,38,Other,Master,11,157862,353647,195785,124.0228807439409
Consultant,42,Male,High School,8,96734,159076,62342,64.44683358488226
Business Analyst,41,Other,PhD,7,113151,204074,90923,80.35545421604759
Business Analyst,26,Other,Bachelor,0,87032,141092,54060,62.115084106995134
DevOps Engineer,32,Male,Master,1,122193,273740,151547,124.02265268877923
Business Analyst,60,Female,PhD,29,129596,227126,97530,75.25695237507331
Designer,24,Other,PhD,0,131778,234661,102883,78.0729712091548
Data Engineer,62,Male,PhD,33,217186,544101,326915,150.5230539721713
Data Engineer,22,Other,High School,0,103850,204527,100677,96.94463168030813
Data Scientist,22,Male,PhD,0,167410,450065,282655,168.8399737172212
Business Analyst,23,Male,Master,1,97526,173668,76142,78.07353936386194
Data Scientist,50,Other,PhD,11,178977,441524,262547,146.6931505165468
Data Engineer,53,Female,Bachelor,30,159896,318233,158337,99.02499124430881
Data Engineer,54,Other,Bachelor,23,162534,323483,160949,99.02481942239778
Product Manager,48,Female,Master,11,165771,351314,185543,111.9272972956669
Business Analyst,55,Other,Bachelor,31,100717,153075,52358,51.98526564532303
Data Engineer,57,Other,Bachelor,16,158147,314752,156605,99.02495779243363
Consultant,61,Male,Bachelor,17,121495,211498,90003,74.07959175274704
DevOps Engineer,32,Female,High School,0,90149,160683,70534,78.24157783225549
Designer,43,Female,Bachelor,4,88173,130517,42344,48.02377144930988
Data Engineer,39,Other,High School,10,113344,210278,96934,85.52195087521174
Data Scientist,28,Female,PhD,0,182361,490259,307898,168.8398286914417
Designer,30,Other,Master,2,115000,183785,68785,59.81304347826087
DevOps Engineer,61,Female,PhD,8,172631,407837,235206,136.24783497749536
Designer,28,Male,Bachelor,0,85117,130924,45807,53.81651139020407
Data Scientist,56,Female,PhD,27,211754,500264,288510,136.24772141258254
Product Manager,30,Female,High School,5,95021,162694,67673,71.21899369613033
Product Manager,56,Other,Bachelor,17,143350,260987,117637,82.06278339727938
Product Manager,31,Other,High School,0,93582,160230,66648,71.21882413284607
Product Manager,22,Female,Bachelor,0,108688,216822,108134,99.49028411600177
Data Scientist,55,Other,Master,0,123835,266855,143020,115.49238906609602
Software Engineer,57,Female,PhD,29,241353,640962,399609,165.5703471678413
Consultant,31,Male,Bachelor,7,113778,203759,89981,79.08470881892808
DevOps Engineer,27,Other,Bachelor,4,133162,279600,146438,109.9698112074015
Data Engineer,56,Female,Master,18,188053,427148,239095,127.14234816780376
Project Manager,43,Female,Bachelor,3,83343,135756,52413,62.88830495662503
Data Scientist,59,Male,PhD,27,206813,488591,281778,136.2477213714805
Software Engineer,30,Other,Bachelor,4,131864,284684,152820,115.89213128678031
Data Scientist,42,Male,Bachelor,0,108969,214358,105389,96.71466196808267
Consultant,29,Male,Bachelor,0,109447,207384,97937,89.48349429404186
Designer,28,Male,High School,6,81408,117524,36116,44.364190251572325
Designer,49,Male,Master,14,131067,209462,78395,59.812920109562285
Data Scientist,31,Female,Bachelor,5,121026,238076,117050,96.71475550708112
Business Analyst,65,Female,Master,35,131567,216976,85409,64.9167344394871
Designer,59,Male,High School,37,93860,128985,35125,37.42275729810356
Business Analyst,62,Other,PhD,25,128392,225016,96624,75.25702535983551
Data Engineer,22,Other,Bachelor,0,116526,257455,140929,120.94210734085098
DevOps Engineer,43,Female,High School,18,132396,235985,103589,78.24178978216865
Product Manager,40,Other,High School,0,92870,159011,66141,71.21890815117908
Software Engineer,44,Male,Master,4,158421,396203,237782,150.09500003156145
Designer,34,Female,High School,11,96236,134444,38208,39.70239827091733
Project Manager,52,Male,PhD,4,106216,197749,91533,86.17628229268661
Project Manager,50,Male,PhD,4,122767,235917,113150,92.16646167129603
Project Manager,44,Other,High School,12,91635,138938,47303,51.6211054727997
Data Engineer,52,Male,PhD,6,165483,414573,249090,150.52301444861408
Data Engineer,30,Other,Master,1,126823,300236,173413,136.73623869487398
Software Engineer,59,Male,Bachelor,14,133468,277651,144183,108.02814157700722
Data Scientist,24,Female,High School,0,104602,197183,92581,88.50786791839545
Project Manager,61,Male,PhD,16,144917,269802,124885,86.17691506172498
Consultant,46,Male,PhD,18,160861,350515,189654,117.89930436836772
Designer,32,Male,High School,3,80748,112807,32059,39.702531332045375
Designer,23,Male,High School,1,73592,106241,32649,44.36487661702359
Business Analyst,37,Female,PhD,8,111014,200220,89206,80.35563082133785
Project Manager,60,Male,Bachelor,0,68538,109011,40473,59.05191280749366
Consultant,22,Male,Master,0,132325,283570,151245,114.29812960513885
Software Engineer,51,Female,PhD,21,223249,592883,369634,165.5702825096641
Business Analyst,33,Male,Master,0,88398,149571,61173,69.20179189574425
Data Engineer,33,Male,Master,0,125287,296599,171312,136.73565493626634
Data Scientist,29,Female,Master,5,176730,427688,250958,142.00079216884512
Consultant,64,Other,High School,5,82539,132475,49936,60.49988490289439
Software Engineer,32,Male,Master,7,160521,401455,240934,150.0950031460058
Data Engineer,56,Other,Bachelor,27,150245,299025,148780,99.02492595427469
DevOps Engineer,27,Female,PhD,0,161251,433507,272256,168.83988316351525
Data Engineer,31,Other,High School,9,118222,219327,101105,85.52130737087852
Data Engineer,36,Female,PhD,0,158232,415100,256868,162.3363162950604
Data Engineer,45,Male,Master,15,172503,408377,235874,136.73617270424282
Designer,48,Female,Master,19,138634,221555,82921,59.81288861318291
DevOps Engineer,29,Male,High School,5,117200,220931,103731,88.50767918088738
Designer,58,Female,Bachelor,15,100982,146628,45646,45.202115228456556
Data Engineer,31,Male,Master,4,161171,381550,220379,136.73613739444443
Data Scientist,42,Other,High School,1,85989,153268,67279,78.24140297014735
Business Analyst,40,Female,PhD,17,142667,257308,114641,80.35565337464165
Business Analyst,39,Other,High School,11,72769,105917,33148,45.552364330965105
Data Engineer,60,Male,PhD,33,228740,573047,344307,150.52330156509575
Consultant,44,Male,PhD,18,189956,413913,223957,117.89940828402368
Data Scientist,53,Male,PhD,26,213435,504236,290801,136.24803804436948
Consultant,32,Male,PhD,0,121217,264131,142914,117.89930455299174
Consultant,28,Female,Bachelor,6,112493,213155,100662,89.4829011582943
Data Engineer,62,Female,Bachelor,7,134232,267155,132923,99.02482269503547
Consultant,30,Other,PhD,7,146128,318412,172284,117.899375889631
Data Scientist,62,Male,PhD,40,202366,478085,275719,136.24768982931917
Project Manager,26,Male,Master,4,124345,235613,111268,89.48329245245084
DevOps Engineer,52,Male,High School,25,115535,200221,84686,73.2990003029385
Data Engineer,42,Male,Bachelor,15,134990,278218,143228,106.1026742721683
Data Scientist,36,Male,Bachelor,5,122246,240476,118230,96.71482093483631
Project Manager,22,Male,High School,0,74071,116970,42899,57.91605351622092
DevOps Engineer,47,Male,PhD,18,219760,542133,322373,146.69321077539132
Consultant,28,Male,Bachelor,4,114789,217506,102717,89.48331286098842
Project Manager,35,Male,High School,1,69889,105966,36077,51.62042667658716
Software Engineer,22,Other,Master,0,152186,415293,263107,172.88515369350662
Data Scientist,40,Other,PhD,18,205051,505847,300796,146.69326167636345
Data Engineer,26,Other,Master,3,165893,426388,260495,157.02591429415347
DevOps Engineer,33,Other,Bachelor,1,104986,206523,101537,96.71480006858057
Data Scientist,39,Male,PhD,12,200185,493843,293658,146.69330868946224
Project Manager,59,Other,High School,32,93228,138498,45270,48.558373020980824
Software Engineer,32,Female,Master,7,183717,459467,275750,150.09498304457398
Data Scientist,31,Male,High School,8,103081,183733,80652,78.24138299007576
Project Manager,27,Female,PhD,4,139581,285680,146099,104.66969000078808
DevOps Engineer,38,Male,Master,15,159765,357910,198145,124.02278346321158
Software Engineer,41,Male,Master,1,155430,388723,233293,150.09521971305412
Designer,53,Male,Bachelor,26,107381,155919,48538,45.201665099039865
Software Engineer,24,Female,Master,0,150976,411991,261015,172.88509431962694
Product Manager,43,Other,Master,2,125691,266373,140682,111.92686827219131
Designer,22,Female,Bachelor,0,88440,136035,47595,53.816146540027134
DevOps Engineer,46,Other,PhD,17,206064,508346,302282,146.69326034630018
Designer,62,Male,PhD,14,127185,209750,82565,64.91724653064433
Project Manager,60,Other,Master,21,125152,217865,92713,74.08031833290718
Data Scientist,51,Other,PhD,22,199184,470568,271384,136.24789139689935
Consultant,23,Male,High School,0,89113,153812,64699,72.60332386969354
Data Scientist,41,Female,Bachelor,17,144307,283873,139566,96.71464308730691
Consultant,65,Female,High School,38,112064,179863,67799,60.50024985722444
Product Manager,37,Female,Master,6,136020,288263,152243,111.92692251139538
Designer,63,Female,High School,23,96569,132707,36138,37.42194700162578
Product Manager,60,Other,High School,10,100374,167413,67039,66.78920836073087
Product Manager,42,Female,PhD,3,165232,383164,217932,131.89454827152124
Data Engineer,57,Male,Master,30,205891,467665,261774,127.14203146324998
Business Analyst,51,Male,Bachelor,22,97063,147521,50458,51.98479338161812
Product Manager,31,Male,High School,3,96122,164579,68457,71.21886768897859
Product Manager,36,Other,PhD,3,137911,319808,181897,131.89448267360834
Business Analyst,53,Male,Master,5,89474,147558,58084,64.91718264523773
Product Manager,26,Male,High School,0,97586,176043,78457,80.39780296353986
DevOps Engineer,42,Male,Master,18,165684,371170,205486,124.02283865672001
DevOps Engineer,63,Female,Master,10,155982,336130,180148,115.4928132733264
Data Engineer,44,Female,Bachelor,20,169892,350152,180260,106.10270053916607
Data Engineer,51,Female,PhD,25,205161,513976,308815,150.52324759579062
Software Engineer,35,Female,Master,13,202365,506105,303740,150.0951251451585
Software Engineer,53,Other,PhD,30,208059,552543,344484,165.57034302769887
Project Manager,58,Female,Master,8,105345,183384,78039,74.07945322511748
DevOps Engineer,53,Other,Bachelor,4,106280,202329,96049,90.37354158825744
Project Manager,64,Male,Master,28,141347,246057,104710,74.08010074497513
Data Scientist,28,Female,Bachelor,5,134090,281548,147458,109.9694235215154
Business Analyst,24,Male,PhD,1,110989,211939,100950,90.95495950049104
DevOps Engineer,61,Male,Bachelor,16,140666,267792,127126,90.37436196380078
DevOps Engineer,48,Female,Bachelor,10,125866,247597,121731,96.71476014173804
Project Manager,31,Male,Bachelor,0,82387,134199,51812,62.888562515930914
Designer,60,Male,High School,23,99655,136948,37293,37.422106266619835
Designer,41,Male,Bachelor,2,86979,128750,41771,48.02423573506249
DevOps Engineer,30,Other,Bachelor,5,131034,257763,126729,96.71459315902743
Consultant,40,Female,High School,7,90553,148912,58359,64.44734023168752
DevOps Engineer,65,Other,PhD,36,196903,465179,268276,136.24779713869265
Consultant,42,Other,High School,8,94940,156126,61186,64.44701917000211
Data Scientist,35,Male,PhD,0,140806,347359,206553,146.69332272772465
Product Manager,39,Female,PhD,12,186219,431832,245613,131.89470462197735
Project Manager,54,Male,Bachelor,30,117911,187540,69629,59.05216646453682
Data Engineer,52,Male,High School,9,104039,187309,83270,80.0372937071675
Data Scientist,60,Other,Master,7,141100,304060,162960,115.49255846917079
Designer,64,Female,PhD,28,154392,254619,100227,64.91722369034665
Software Engineer,55,Male,Master,3,140278,335763,195485,139.3554228032906
Data Engineer,29,Female,Bachelor,4,130072,287384,157312,120.942247370687
Data Engineer,28,Other,PhD,6,180190,518008,337818,187.47877240690383
Software Engineer,53,Female,PhD,26,209793,557148,347355,165.57034791437272
Data Engineer,59,Female,Bachelor,8,135007,268698,133691,99.02523572851779
Consultant,41,Female,Master,7,144115,288839,144724,100.42257919023004
Data Engineer,37,Male,Master,10,173948,411798,237850,136.7362660105319
Software Engineer,39,Female,Bachelor,2,136894,295543,158649,115.89185793387584
Data Scientist,49,Other,Master,13,163217,365643,202426,124.02262019274953
Business Analyst,52,Other,Bachelor,28,94845,144150,49305,51.98481733354421
Software Engineer,50,Other,Master,16,191032,477762,286730,150.09527199631475
Consultant,26,Male,High School,3,85129,146935,61806,72.60275581764147
Consultant,24,Other,High School,0,94357,162863,68506,72.60298652988119
Data Scientist,23,Female,High School,1,100965,190327,89362,88.50789877680384
Data Engineer,55,Other,Master,18,193658,439879,246221,127.14217847958773
Data Engineer,42,Other,Bachelor,2,109636,225963,116327,106.10292239775256
Project Manager,54,Female,Master,16,123901,215687,91786,74.08011234776151
Project Manager,28,Female,PhD,5,120481,246588,126107,104.66961595604288
Consultant,56,Male,Master,4,120628,233769,113141,93.79331498491229
Software Engineer,50,Female,High School,7,118938,229632,110694,93.06865761993643
Software Engineer,58,Other,High School,28,140733,263184,122451,87.00944341412462
DevOps Engineer,33,Other,PhD,3,171112,422122,251010,146.6933938005517
Software Engineer,64,Female,Master,6,158986,380541,221555,139.35503755047614
Data Engineer,59,Female,High School,28,134197,241604,107407,80.03681155316438
Designer,51,Male,Bachelor,22,107169,155611,48442,45.20150416631675
Project Manager,42,Female,Bachelor,19,101348,165085,63737,62.88925287129494
Product Manager,36,Male,High School,0,80972,138639,57667,71.21844588252729
Data Engineer,27,Female,Bachelor,4,130276,287834,157558,120.94169302097086
Product Manager,28,Male,Bachelor,0,108442,216331,107889,99.49004998063481
Designer,64,Male,High School,26,101567,139576,38009,37.42258804532968
Data Engineer,54,Male,Bachelor,16,149870,298279,148409,99.02515513444986
Product Manager,44,Female,Bachelor,5,108592,203842,95250,87.71364373066156
Designer,44,Male,High School,3,69776,97479,27703,39.702763127723
Product Manager,26,Other,Master,3,144770,329744,184974,127.7709470194101
Designer,38,Other,PhD,13,147800,250080,102280,69.20162381596752
Consultant,43,Female,Master,17,164951,330599,165648,100.4225497268886
DevOps Engineer,44,Female,Master,11,153535,343953,190418,124.02253557820693
Designer,65,Other,High School,2,67288,92469,25181,37.42272024729521
Data Scientist,31,Other,Master,0,133891,299946,166055,124.02252578590047
Consultant,29,Other,PhD,0,153963,361488,207525,134.788877847275
Business Analyst,39,Other,High School,11,78034,113580,35546,45.55193889842889
Software Engineer,28,Other,Master,3,155366,423971,268605,172.88531596359564
Designer,36,Female,Master,6,119425,190856,71431,59.812434582373875
Software Engineer,43,Female,Master,20,217193,543189,325996,150.09507672899218
Project Manager,50,Male,PhD,10,130410,250605,120195,92.16701173222913
Business Analyst,48,Female,Master,8,107698,182227,74529,69.20184218834147
Software Engineer,52,Other,Bachelor,20,163534,340197,176663,108.02829992539777
Software Engineer,37,Female,Master,3,155741,389500,233759,150.09470852248285
Consultant,23,Male,Master,0,114965,246368,131403,114.29826468925326
Consultant,45,Female,Master,18,145485,291585,146100,100.42272399216414
Software Engineer,49,Female,Bachelor,5,134290,289922,155632,115.89247151686648
Data Scientist,22,Female,PhD,0,179079,481436,302357,168.8400091579694
DevOps Engineer,58,Male,Bachelor,14,127646,243005,115359,90.3741597856572
Project Manager,26,Other,High School,0,75913,119879,43966,57.916298921133404
Consultant,46,Female,Bachelor,15,137751,246691,108940,79.0847253377471
Consultant,56,Female,Bachelor,26,128677,224001,95324,74.08006092774933
Data Engineer,27,Female,Master,4,179626,461685,282059,157.0257089730885
Designer,23,Female,High School,1,81503,117661,36158,44.36401114069421
DevOps Engineer,45,Other,Bachelor,19,140424,276235,135811,96.71494901156498
DevOps Engineer,46,Male,PhD,13,198990,490895,291905,146.69330117091312
Data Scientist,26,Female,Master,3,146624,354831,208207,142.00062745525972
Designer,33,Male,PhD,8,137946,233407,95461,69.20171661374741
Consultant,55,Male,Master,12,125946,244074,118128,93.79257777142584
DevOps Engineer,53,Female,Bachelor,20,143611,273398,129787,90.37399642088698
Software Engineer,47,Other,Master,14,201766,504607,302841,150.09515973950022
Business Analyst,62,Female,PhD,14,113111,198235,85124,75.25704838609862
Project Manager,39,Male,PhD,13,126183,242482,116299,92.16693215409366
Business Analyst,24,Other,Bachelor,1,86242,139811,53569,62.11474687507247
Software Engineer,43,Male,High School,13,118986,229725,110739,93.06893247945136
Product Manager,22,Female,High School,0,102794,185438,82644,80.39768858104559
DevOps Engineer,51,Male,Master,1,119510,257535,138025,115.49242741193207
Business Analyst,61,Other,Bachelor,24,92608,140750,48142,51.98470974429855
Business Analyst,36,Female,PhD,3,99063,178665,79602,80.3549256533721
Designer,56,Female,Bachelor,32,117450,170540,53090,45.20221370796084
Data Scientist,25,Female,Master,3,152797,369770,216973,142.00082462352012
Consultant,24,Female,Master,1,122479,262470,139991,114.29796128315874
Designer,32,Other,PhD,8,124083,209951,85868,69.20206635880821
Project Manager,53,Other,High School,20,96710,143671,46961,48.558577189535725
Product Manager,40,Male,High School,6,100760,172520,71760,71.21873759428344
DevOps Engineer,52,Male,PhD,9,174675,412666,237991,136.24788893659655
Business Analyst,32,Female,Bachelor,5,83015,128919,45904,55.2960308378004
Data Scientist,55,Female,PhD,22,192942,455821,262879,136.24768065014356
Product Manager,60,Female,High School,8,91137,152007,60870,66.78955857664835
Software Engineer,39,Male,Master,0,145360,363538,218178,150.09493670886076
DevOps Engineer,29,Female,High School,7,117823,222106,104283,88.5081860078253
Software Engineer,39,Male,Master,5,173648,434285,260637,150.09501981019073
Product Manager,61,Male,Bachelor,2,105383,191863,86480,82.0625717620489
Data Engineer,60,Other,PhD,35,220911,553433,332522,150.52306132333834
Designer,34,Female,PhD,3,129214,218632,89418,69.20147971582027
Consultant,39,Male,Bachelor,14,124274,222555,98281,79.08412057228382
Project Manager,38,Male,High School,16,84034,127413,43379,51.62077254444629
Data Scientist,52,Male,PhD,14,192023,453650,261627,136.24774115600735
Data Engineer,33,Other,Bachelor,9,126734,261202,134468,106.1025454889769
Data Engineer,27,Male,Bachelor,0,120791,266878,146087,120.94195759617851
DevOps Engineer,56,Other,High School,1,84514,146462,61948,73.29909837423385
Project Manager,24,Male,PhD,0,111786,228792,117006,104.66963662712683
Data Scientist,36,Female,PhD,0,157909,389551,231642,146.693348700834
Software Engineer,56,Female,Master,6,170248,407498,237250,139.35552840562005
Software Engineer,50,Female,High School,25,136137,262838,126701,93.06874692405445
Project Manager,34,Female,High School,3,71034,107702,36668,51.62035081791818
DevOps Engineer,56,Other,Bachelor,6,106351,202465,96114,90.37432652255268
Data Scientist,38,Male,Master,6,138104,309384,171280,124.02247581532757
Data Scientist,33,Other,PhD,6,177887,438835,260948,146.69312541107558
Project Manager,23,Female,Bachelor,0,92521,158039,65518,70.81419353444083
Designer,44,Female,PhD,12,154092,260727,106635,69.2021649404252
Project Manager,22,Male,Master,0,102238,193724,91486,89.48336235059371
DevOps Engineer,44,Female,Bachelor,15,153502,301961,148459,96.71470078565751
Data Engineer,38,Male,PhD,5,161944,424838,262894,162.33636318727463
Data Scientist,27,Female,Master,5,176431,426964,250533,142.00055545794106
DevOps Engineer,61,Female,High School,6,95498,165497,69999,73.29891725481163
Software Engineer,47,Male,High School,25,136297,263147,126850,93.06881295993308
Data Scientist,32,Other,Bachelor,2,119567,235206,115639,96.71481261552101
Consultant,26,Male,Bachelor,2,106923,202601,95678,89.48308595905465
Product Manager,59,Female,PhD,21,195792,436046,240254,122.70879300482144
Project Manager,26,Male,Bachelor,4,86811,148285,61474,70.8136065705959
Software Engineer,35,Female,Master,13,197562,494093,296531,150.09516000040492
Consultant,65,Other,Bachelor,5,90956,158336,67380,74.07977483618453
DevOps Engineer,38,Female,Master,2,146819,328908,182089,124.02277634366123
Software Engineer,59,Male,Master,0,136823,327493,190670,139.3552253641566
Business Analyst,51,Female,Master,10,97290,160448,63158,64.91725768321514
DevOps Engineer,46,Other,Bachelor,8,119681,235430,115749,96.71459964405378
Designer,62,Female,Bachelor,18,121887,176982,55095,45.20170321691403
Software Engineer,29,Male,PhD,1,192085,590225,398140,207.2728219277924
Consultant,54,Other,PhD,3,130964,274857,143893,109.87217861397025
Data Scientist,55,Female,Master,1,136375,293878,157503,115.49257561869844
Data Scientist,38,Male,PhD,3,172367,425218,252851,146.69339258674805
Software Engineer,40,Male,High School,13,119479,230676,111197,93.06823793302588
Software Engineer,60,Male,Bachelor,15,150593,313276,162683,108.02826160578513
Business Analyst,53,Other,PhD,10,110657,193934,83277,75.25687484750175
Designer,49,Other,Bachelor,22,116179,171973,55794,48.02416960035807
Project Manager,29,Male,Master,5,112105,212420,100315,89.48307390392935
Project Manager,25,Male,Bachelor,2,86914,148461,61547,70.81367788848748
Data Engineer,50,Other,Master,9,177781,420872,243091,136.73620915620904
Data Scientist,45,Male,PhD,2,148789,367052,218263,146.69296789413195
Data Scientist,50,Male,PhD,5,172221,424857,252636,146.6929120142143
Consultant,41,Male,Bachelor,13,126933,227317,100384,79.08424129265045
Project Manager,45,Male,PhD,14,132475,254573,122098,92.16682392904322
Designer,61,Female,Bachelor,2,86503,125604,39101,45.20190051212097
Consultant,37,Male,High School,9,87525,143932,56407,64.44672950585547
Consultant,43,Female,High School,16,116013,190780,74767,64.4470878263643
Designer,23,Female,Bachelor,0,103608,159366,55758,53.81630762103312
DevOps Engineer,42,Male,High School,15,112198,199983,87785,78.2411451184513
Software Engineer,23,Female,Bachelor,0,134091,311665,177574,132.42797801493015
Data Scientist,63,Male,PhD,40,218966,517303,298337,136.24809331129032
DevOps Engineer,59,Other,Bachelor,2,103148,196367,93219,90.37402567185015
Data Engineer,29,Female,Bachelor,6,149701,330752,181051,120.94174387612642
Data Engineer,38,Female,PhD,0,155715,408497,252782,162.33631955816716
Project Manager,62,Male,PhD,5,109622,204091,94469,86.1770447537903
Consultant,30,Male,Bachelor,7,118787,212729,93942,79.08441159386128
Project Manager,40,Male,Master,1,91997,164752,72755,79.0841005684968
DevOps Engineer,51,Female,Bachelor,1,103520,197075,93555,90.37384080370943
Product Manager,52,Male,PhD,14,180111,401123,221012,122.70877403379028
DevOps Engineer,39,Other,High School,10,107652,191880,84228,78.24099877382677
Product Manager,23,Female,High School,1,98428,177562,79134,80.39785426911041
Project Manager,61,Female,High School,28,95590,142007,46417,48.55842661366251
Data Scientist,39,Male,Master,16,172773,387051,214278,124.02285079265857
Consultant,23,Other,High School,1,93037,160585,67548,72.60337285166116
Product Manager,39,Female,High School,9,98386,168456,70070,71.21948244668957
Software Engineer,63,Male,Master,26,201716,482818,281102,139.35533125780802
Data Scientist,44,Other,Bachelor,6,116575,229320,112745,96.71456144113232
Software Engineer,33,Male,PhD,2,170198,474626,304428,178.86696670936203
Software Engineer,62,Other,Bachelor,9,132116,274838,142722,108.02779375700142
DevOps Engineer,22,Other,PhD,0,155723,418645,262922,168.83954200728215
Consultant,38,Other,Bachelor,6,114817,205619,90802,79.08410775407823
Data Engineer,47,Male,High School,13,130251,241644,111393,85.52180021650506
Software Engineer,27,Male,High School,4,120192,247259,127067,105.72001464323748
Product Manager,26,Other,Master,1,140717,320512,179795,127.77063183552804
Product Manager,33,Male,Master,4,145234,307790,162556,111.92695925196578
DevOps Engineer,31,Other,Master,1,126695,283826,157131,124.02304747622242
Consultant,61,Female,Bachelor,24,141249,245886,104637,74.07981649427606
Project Manager,43,Male,High School,13,93561,141858,48297,51.62086766922115
Project Manager,51,Female,Bachelor,29,110573,175869,65296,59.05239072829714
Data Engineer,26,Female,Bachelor,2,130890,289191,158301,120.94201237680495
Project Manager,42,Other,PhD,17,146926,282343,135417,92.16680505832868
Product Manager,49,Other,PhD,27,219413,508807,289394,131.8946461695524
Data Scientist,32,Female,Master,7,168548,377586,209038,124.02283029166765
Project Manager,56,Other,PhD,4,101161,188338,87177,86.17649094018446
Product Manager,39,Male,Master,1,127122,269406,142284,111.92712512389673
DevOps Engineer,49,Female,High School,13,119340,212713,93373,78.24115971174794
Consultant,45,Female,Master,0,105274,210993,105719,100.4227064612345
Consultant,27,Female,PhD,1,157482,369750,212268,134.78873776050597
Project Manager,27,Other,Master,5,118010,223609,105599,89.4830946529955
Software Engineer,40,Female,PhD,18,244706,682405,437699,178.86729381380104
Product Manager,62,Other,Bachelor,6,116462,212034,95572,82.06281877350551
Consultant,39,Female,High School,7,91469,150418,58949,64.44697110496452
Data Engineer,62,Other,Bachelor,39,148051,294658,146607,99.02466042107112
Data Scientist,23,Male,Bachelor,1,134037,281437,147400,109.9696352499683
Designer,39,Female,Master,3,120113,191956,71843,59.81284290626326
DevOps Engineer,51,Other,High School,24,127383,220754,93371,73.2994198597929
Data Scientist,62,Other,PhD,25,220080,519934,299854,136.24772809887313
DevOps Engineer,31,Other,Master,5,158048,354064,196016,124.02308159546467
Consultant,57,Other,Master,18,134316,260295,125979,93.79299562226392
Data Engineer,34,Female,PhD,8,180173,472660,292487,162.33675411965166
Product Manager,26,Female,Master,0,137833,313943,176110,127.77056292760078
Product Manager,27,Other,Bachelor,1,107296,214045,106749,99.49019534745005
Data Engineer,51,Male,High School,25,137054,246748,109694,80.03706568213988
Product Manager,22,Other,PhD,0,167131,419993,252862,151.29569020708306
Data Engineer,38,Male,Bachelor,0,108478,223576,115098,106.10261988605984
Consultant,58,Other,Master,31,160672,311371,150699,93.79294463254332
Data Engineer,41,Female,PhD,13,203560,534012,330452,162.3364118687365
Business Analyst,39,Male,Master,6,99910,169049,69139,69.20128115303773
DevOps Engineer,65,Other,Bachelor,15,123074,234301,111227,90.37408388449225
Data Engineer,33,Other,Master,10,152340,360644,208304,136.73624786661415
Data Scientist,45,Female,PhD,14,190906,470952,280046,146.69313693650278
DevOps Engineer,39,Female,Bachelor,1,103489,203578,100089,96.71462667529882
Data Scientist,32,Male,High School,10,106301,189472,83171,78.24103253967507
Data Engineer,52,Female,Bachelor,22,146318,291209,144891,99.02472696455665
DevOps Engineer,32,Female,Bachelor,2,110700,217763,107063,96.7145438121048
Data Engineer,22,Female,High School,0,103059,202969,99910,96.94446870239378
Consultant,40,Male,Bachelor,0,88311,158151,69840,79.0841458029011
Product Manager,23,Female,Master,0,139195,317045,177850,127.77039405151046
Project Manager,42,Other,High School,11,82782,125515,42733,51.62112536541761
Software Engineer,42,Male,PhD,19,202703,565272,362569,178.86711099490387
Consultant,63,Other,High School,35,115461,185315,69854,60.50008227886472
Business Analyst,47,Female,Master,23,117957,199585,81628,69.20148867807761
Project Manager,24,Male,Bachelor,1,83361,142392,59031,70.81368985496816
Project Manager,37,Male,PhD,9,121442,233371,111929,92.1666309843382
Product Manager,36,Male,Master,5,142622,302255,159633,111.92733238911248
DevOps Engineer,23,Female,Bachelor,1,129483,271875,142392,109.96964852528903
Data Scientist,45,Female,High School,15,117575,209567,91992,78.24112268764618
Software Engineer,45,Male,High School,3,109351,211122,101771,93.06819324926155
Business Analyst,64,Other,Master,6,90965,150017,59052,64.91727587533667
DevOps Engineer,63,Female,Bachelor,9,135243,257468,122225,90.37436318330708
Data Scientist,30,Other,Bachelor,4,127390,250595,123205,96.71481277965303
Business Analyst,24,Male,Master,1,96669,172142,75473,78.07363270541745
Designer,49,Female,Bachelor,12,97960,145004,47044,48.02368313597387
Data Engineer,32,Female,Bachelor,0,125499,258657,133158,106.10283747280856
Data Engineer,34,Female,Master,4,145482,344408,198926,136.73581611470834
Project Manager,29,Male,PhD,1,129976,266021,136045,104.66932356742784
Software Engineer,35,Male,PhD,9,190112,530160,340048,178.86719407507155
Designer,26,Male,Bachelor,4,93490,143803,50313,53.816450957321635
DevOps Engineer,49,Male,Master,0,130157,291581,161424,124.02252664090292
Designer,23,Other,Master,0,120958,202345,81387,67.285338712611
Designer,61,Other,High School,29,97455,133925,36470,37.42240008208917
DevOps Engineer,30,Male,Bachelor,0,104017,204617,100600,96.71496005460646
Project Manager,39,Other,Master,17,118405,212045,93640,79.08449812085638
Software Engineer,57,Male,PhD,35,227486,604135,376649,165.57018893470368
Product Manager,35,Female,PhD,8,162358,376499,214141,131.89433227805222
Data Engineer,38,Other,Bachelor,13,134349,276897,142548,106.10276220887391
Designer,36,Other,PhD,13,134428,227455,93027,69.20210075281935
Data Scientist,52,Male,Master,4,140309,302356,162047,115.49294770827245
Business Analyst,63,Other,PhD,37,156916,275006,118090,75.256825307808
Project Manager,39,Other,PhD,1,105244,202244,97000,92.16677435293224
Data Engineer,64,Male,Bachelor,30,172822,343959,171137,99.02500839013551
Software Engineer,60,Female,Master,14,161233,385920,224687,139.355466932948
Business Analyst,55,Male,High School,16,77955,111392,33437,42.89269450323905
Designer,61,Male,Master,39,131156,204853,73697,56.1903382231846
Business Analyst,25,Male,High School,1,75364,113803,38439,51.004458362082694
Software Engineer,34,Other,Master,0,132691,331853,199162,150.094580642244
DevOps Engineer,55,Male,Master,23,172299,371292,198993,115.49283512962931
Data Scientist,54,Other,Bachelor,22,155739,296487,140748,90.37428004546068
Software Engineer,31,Other,High School,8,121368,234323,112955,93.06818930854921
Data Scientist,49,Other,Master,12,178898,400772,221874,124.02262741897619
DevOps Engineer,23,Female,Bachelor,1,135824,285189,149365,109.96951937801862
Consultant,36,Female,PhD,11,169111,368492,199381,117.89948613632465
Product Manager,59,Other,PhD,7,166057,369824,203767,122.70906977724516
Data Scientist,51,Other,PhD,8,166561,393497,226936,136.24798122009355
Designer,39,Female,Bachelor,14,118576,175521,56945,48.0240520847389
DevOps Engineer,37,Male,High School,11,107496,191602,84106,78.24105082979833
Project Manager,56,Other,Bachelor,27,108378,172377,63999,59.05165254941039
Software Engineer,38,Male,Master,13,177653,444301,266648,150.0948478213146
Business Analyst,46,Other,PhD,18,130017,234493,104476,80.3556458001646
Data Engineer,36,Other,PhD,0,151466,397351,245885,162.3367620456076
Business Analyst,26,Other,Master,1,93406,166331,72925,78.0731430529088
Data Engineer,28,Other,High School,4,118064,232521,114457,96.9448773546551
Consultant,62,Other,High School,32,105517,169355,63838,60.50020375863605
Project Manager,57,Female,Master,26,141385,246123,104738,74.07999434169112
Product Manager,31,Male,Master,7,136569,289427,152858,111.92730414662186
Project Manager,26,Male,High School,1,72589,114630,42041,57.91648872418686
Designer,34,Other,PhD,0,118294,200156,81862,69.20215733680492
Product Manager,32,Male,PhD,9,159368,369566,210198,131.89473420009034
Project Manager,65,Other,Bachelor,5,86184,137077,50893,59.05156409542375
Business Analyst,63,Male,PhD,16,114611,200864,86253,75.25717426774044
DevOps Engineer,47,Female,Bachelor,16,153535,302026,148491,96.71475559318722
Consultant,37,Female,PhD,0,118995,259289,140294,117.89907138955418
Data Scientist,65,Male,Master,28,191902,413535,221633,115.49280361851362
Product Manager,50,Male,PhD,27,201415,467070,265655,131.89434749149765
Data Engineer,40,Male,Bachelor,7,119246,245769,126523,106.1025107760428
Software Engineer,56,Other,Bachelor,4,129483,269361,139878,108.02808090637382
Software Engineer,42,Male,Bachelor,20,166213,358841,192628,115.89225872825833
Designer,36,Female,Master,1,108795,173868,65073,59.812491382876054
Designer,52,Male,PhD,4,107416,177147,69731,64.91677217546734
Designer,44,Female,Bachelor,15,106183,157176,50993,48.02369494175151
Data Scientist,60,Male,Bachelor,33,143400,272996,129596,90.37377963737796
Consultant,39,Male,PhD,12,147921,322319,174398,117.89941928461813
Data Scientist,34,Male,Master,4,149484,334878,185394,124.02263787428755
Business Analyst,28,Female,PhD,3,130019,248278,118259,90.9551680908175
Data Engineer,50,Male,Master,7,163841,387871,224030,136.73622597518326
Consultant,62,Male,Master,20,147463,285773,138310,93.79301926584974
Project Manager,54,Other,Master,19,136767,238084,101317,74.0800046794914
Project Manager,31,Male,PhD,3,117993,226743,108750,92.16648445246753
Designer,26,Male,Master,1,107675,180124,72449,67.28488507081495
Designer,25,Other,Bachelor,1,100895,155193,54298,53.81634372367312
Designer,64,Male,Master,13,114773,179264,64491,56.19004469692349
Data Engineer,29,Male,PhD,7,196641,565301,368660,187.47870484792085
Business Analyst,40,Other,High School,6,68313,99431,31118,45.55209111003762
Software Engineer,24,Male,High School,0,114292,235121,120829,105.71956042417668
Data Engineer,24,Male,Master,0,153414,394313,240899,157.025434445357
Consultant,24,Female,Bachelor,2,113035,214182,101147,89.48290352545672
Project Manager,35,Male,Bachelor,5,95946,156285,60339,62.88849978112688
Consultant,39,Other,PhD,12,172125,375060,202935,117.89978213507626
Software Engineer,62,Female,High School,8,116342,217571,101229,87.00985026903439
Business Analyst,51,Female,Master,1,94637,156072,61435,64.91647030231304
Product Manager,40,Male,High School,18,122352,209490,87138,71.21910553158102
Business Analyst,51,Male,Bachelor,2,75665,114999,39334,51.98440494284014
Data Engineer,40,Male,High School,9,108211,200755,92544,85.52180462245059
Consultant,59,Male,PhD,8,135362,284087,148725,109.87204680781903
Data Scientist,46,Male,High School,9,102668,182997,80329,78.24151634394359
Consultant,30,Other,Bachelor,2,95595,171196,75601,79.08468016109629
Designer,44,Male,PhD,4,112015,189531,77516,69.20144623487926
Project Manager,54,Male,High School,32,88649,131696,43047,48.55892339451094
Designer,36,Female,High School,4,84724,118361,33637,39.70185543647609
Software Engineer,28,Female,PhD,5,185793,570891,385098,207.2726098399832
Data Engineer,61,Other,PhD,23,195413,489555,294142,150.52325075609093
Business Analyst,53,Male,PhD,7,104724,183536,78812,75.25686566594095
Data Scientist,45,Male,Master,17,187686,420460,232774,124.02310241573693
DevOps Engineer,56,Male,PhD,19,187907,443926,256019,136.2477182861735
DevOps Engineer,45,Male,Bachelor,23,170348,335100,164752,96.71495996430835
Designer,25,Male,High School,0,71843,103716,31873,44.36479545675988
Software Engineer,60,Male,High School,10,117738,220181,102443,87.00929181742512
Project Manager,49,Male,High School,1,72125,109356,37231,51.62010398613518
Data Scientist,24,Female,PhD,1,153487,412634,259147,168.83970629434415
Data Scientist,64,Female,Master,18,160403,345657,185254,115.49285237807271
Product Manager,59,Female,PhD,16,164784,366988,202204,122.70851538984367
Designer,32,Male,Bachelor,5,84739,125434,40695,48.023932309798326
Data Engineer,57,Other,High School,22,143490,258335,114845,80.0369363718726
Business Analyst,38,Male,Bachelor,14,99012,153762,54750,55.29632771785238
DevOps Engineer,43,Male,Bachelor,16,138975,273384,134409,96.71451699946033
Software Engineer,47,Female,PhD,12,197063,549544,352481,178.86716430786095
Designer,27,Other,Bachelor,3,103177,158704,55527,53.81722670750264
Product Manager,32,Male,Master,5,142379,301740,159361,111.92732074252523
Data Engineer,36,Male,Master,9,161714,382835,221121,136.73584228947402
Project Manager,45,Other,Master,8,117363,210179,92816,79.08454964511814
Consultant,55,Other,Master,18,153184,296860,143676,93.79308543973261
DevOps Engineer,55,Male,PhD,16,201019,474903,273884,136.2478173704973
Data Scientist,64,Male,Master,9,143505,309243,165738,115.49283997073272
Project Manager,33,Other,High School,3,78111,118433,40322,51.62141055677177
Designer,65,Male,Master,25,148473,231901,83428,56.19068786917487
Consultant,28,Male,Bachelor,0,114857,217635,102778,89.48344463115005
DevOps Engineer,51,Female,Master,9,152799,329271,176472,115.492902440461
Business Analyst,45,Other,PhD,6,123147,222102,98955,80.35518526638896
DevOps Engineer,60,Other,High School,25,126304,218884,92580,73.29934127185204
Data Engineer,33,Other,Master,0,141211,334297,193086,136.73580670061114
Software Engineer,45,Male,Bachelor,14,142753,308193,165440,115.89248562201846
Designer,47,Other,Master,13,132188,211253,79065,59.81253971616183
DevOps Engineer,34,Female,Master,8,141775,317608,175833,124.02257097513667
Data Scientist,62,Female,Master,18,170085,366521,196436,115.49284181438692
Designer,40,Other,Bachelor,10,101765,150637,48872,48.024369871763376
Software Engineer,56,Other,High School,13,122626,229322,106696,87.00928025051783
Consultant,55,Other,Master,21,139917,271149,131232,93.79274855807371
Product Manager,48,Other,High School,4,103999,178066,74067,71.21895402840413
Consultant,57,Female,Master,9,139151,269665,130514,93.79307371129205
Designer,28,Other,High School,3,90787,131064,40277,44.36428122969148
Designer,56,Male,PhD,7,114271,188452,74181,64.91673302937753
Data Engineer,31,Other,Bachelor,8,131410,270840,139430,106.10303629860742
Data Engineer,46,Female,Master,23,217311,514454,297143,136.73629038566847
Project Manager,31,Female,PhD,1,119820,230254,110434,92.16658320814555
Consultant,32,Other,Master,9,143379,287364,143985,100.42265603749503
Data Engineer,64,Other,Master,6,133933,304218,170285,127.141929173542
Data Engineer,43,Female,High School,12,115519,214313,98794,85.52186220448584
Business Analyst,35,Male,High School,10,77086,112200,35114,45.55172145396051
Project Manager,38,Male,Bachelor,3,92430,150558,58128,62.888672508925666
Business Analyst,45,Male,High School,1,68118,99147,31029,45.551836518981766
Software Engineer,30,Other,High School,2,96325,185973,89648,93.06825849987023
Business Analyst,22,Female,Master,0,106639,189895,83256,78.07275011956226
Data Engineer,22,Female,PhD,0,156927,451132,294205,187.47889145908607
Software Engineer,48,Female,Bachelor,18,171449,370145,198696,115.89218951408292
Designer,34,Female,Bachelor,12,115954,171640,55686,48.024216499646414
Project Manager,54,Female,Bachelor,30,106256,169002,62746,59.05172413793104
Product Manager,51,Female,High School,7,89119,148641,59522,66.78934907258834
DevOps Engineer,31,Female,Master,7,149740,335452,185712,124.022973153466
DevOps Engineer,55,Male,Bachelor,28,152959,291194,138235,90.37389104269772
Data Engineer,38,Female,Bachelor,15,163035,336020,172985,106.1029840218358
Project Manager,52,Other,Bachelor,25,100460,159784,59324,59.052359147919574
Product Manager,22,Other,PhD,0,149895,376679,226784,151.29524000133426
Designer,59,Other,Bachelor,32,106991,155353,48362,45.201932872858464
Project Manager,35,Other,Bachelor,3,92984,151461,58477,62.88931429063065
Data Engineer,57,Male,PhD,23,212326,531926,319600,150.52325198044517
Data Scientist,57,Other,Bachelor,15,125772,239437,113665,90.37385109563337
Business Analyst,53,Female,Master,10,95351,157250,61899,64.91699090727941
Project Manager,26,Other,High School,1,73684,116359,42675,57.91623690353401
Product Manager,40,Female,Master,8,157733,334279,176546,111.92711734386589
DevOps Engineer,53,Female,Bachelor,30,162888,310097,147209,90.37436766367074
Product Manager,58,Female,Master,31,160322,327672,167350,104.38367784833022
Product Manager,51,Female,Master,25,185293,378709,193416,104.38386771221795
Data Scientist,41,Other,Master,4,129319,289704,160385,124.02276540956858
Software Engineer,61,Other,Master,6,144227,345215,200988,139.3553218190769
Project Manager,28,Male,PhD,2,133939,274132,140193,104.66928975130469
Consultant,61,Female,Master,19,162614,315135,152521,93.79327733159506
Business Analyst,41,Other,PhD,12,126220,227645,101425,80.35572809380447
Project Manager,60,Male,PhD,3,111927,208382,96455,86.17670445915641
Software Engineer,38,Female,High School,1,112256,216731,104475,93.06852194982896
Product Manager,61,Female,Master,24,158765,324490,165725,104.3838377476144
Consultant,44,Male,PhD,20,183609,400083,216474,117.89944937339673
Data Engineer,47,Male,PhD,4,183405,481138,297733,162.3363594231346
Business Analyst,36,Male,High School,12,78937,114894,35957,45.551515765737236
Product Manager,65,Male,Master,27,166435,340166,173731,104.3836933337339
Designer,61,Male,PhD,1,120027,197945,77918,64.91706032809284
Business Analyst,51,Female,Master,8,98199,161947,63748,64.91715801586574
Data Engineer,64,Other,Master,24,197471,448540,251069,127.1422132870143
Data Engineer,63,Other,High School,36,150779,271458,120679,80.03700780612685
Project Manager,40,Other,PhD,13,126386,242872,116486,92.16685392369408
Software Engineer,27,Male,High School,2,127686,262675,134989,105.71949939695817
Product Manager,26,Female,PhD,0,163335,410454,247119,151.29580310404995
Data Scientist,43,Other,High School,7,112418,200375,87957,78.24102901670551
Business Analyst,39,Male,Bachelor,15,94388,146581,52193,55.29622409628343
Business Analyst,58,Other,High School,21,89629,128073,38444,42.89236742572158
Data Engineer,27,Female,Master,3,160532,412608,252076,157.02539057633368
Data Scientist,23,Female,High School,0,97341,183495,86154,88.50741208740406
Product Manager,55,Male,PhD,31,176872,393910,217038,122.70907775114206
DevOps Engineer,58,Other,Master,36,193657,417317,223660,115.49285592568303
Consultant,61,Male,Bachelor,20,135701,236228,100527,74.079778336195
Designer,40,Female,PhD,8,130848,221397,90549,69.20166911225239
Consultant,51,Other,Bachelor,3,92718,161403,68685,74.07946677020644
Business Analyst,52,Male,Bachelor,0,71593,108810,37217,51.98413252692302
Consultant,28,Male,High School,6,90049,155428,65379,72.6038045952759
Software Engineer,62,Other,Master,10,153663,367800,214137,139.35495207043985
Data Scientist,25,Female,PhD,1,160459,431378,270919,168.8400152063767
Data Engineer,42,Male,PhD,4,161271,423073,261802,162.33668793521463
Designer,34,Male,High School,5,79713,111361,31648,39.70243247650948
Data Engineer,32,Female,High School,10,124876,231672,106796,85.52163746436466
Product Manager,35,Male,Master,0,129480,274403,144923,111.92693852332407
Software Engineer,34,Male,Bachelor,4,125319,270554,145235,115.89224299587453
Product Manager,28,Female,Master,5,154666,352284,197618,127.77080935693688
Designer,58,Other,Bachelor,35,121479,176390,54911,45.20205138336667
Designer,25,Other,PhD,3,123801,220456,96655,78.07287501716465
Consultant,31,Female,Master,1,117243,234982,117739,100.42305297544416
Business Analyst,45,Male,Bachelor,20,112321,174431,62110,55.29687235690566
Consultant,55,Female,PhD,17,182681,383397,200716,109.8724005233166
Business Analyst,27,Male,High School,0,65690,99194,33504,51.00319683361242
DevOps Engineer,49,Female,High School,21,124436,221796,97360,78.24102349802308
Software Engineer,39,Other,High School,17,136186,262932,126746,93.06830364354633
Business Analyst,43,Male,Bachelor,3,77193,119878,42685,55.29646470534894
Consultant,25,Female,High School,2,103548,178727,75179,72.60304399891837
Business Analyst,56,Other,PhD,14,131369,230233,98864,75.2567196218286
Data Scientist,22,Male,Master,0,142195,344113,201918,142.0007735855691
Project Manager,41,Male,Master,15,112748,201914,89166,79.08432965551495
Software Engineer,44,Other,Master,5,173106,432929,259823,150.09473963929617
Business Analyst,32,Female,PhD,1,112454,202817,90363,80.35552314724242
DevOps Engineer,48,Male,PhD,25,206581,509621,303040,146.69306470585389
Project Manager,50,Female,PhD,2,111046,213393,102347,92.166309457342
Data Engineer,54,Female,High School,7,104368,187901,83533,80.03698451632685
Consultant,62,Male,Master,31,147873,286567,138694,93.7926463925125
Business Analyst,42,Male,PhD,11,115731,208727,92996,80.3553067026121
Business Analyst,64,Female,Master,27,128618,212113,83495,64.91704116064625
Project Manager,55,Female,High School,21,97891,145425,47534,48.558090120644394
Project Manager,28,Male,High School,1,78441,123871,45430,57.916140793717574
Product Manager,30,Other,PhD,5,151134,350471,199337,131.89421308243016
Project Manager,35,Male,High School,10,84611,128288,43677,51.6209476309227
Project Manager,30,Female,PhD,0,120881,232293,111412,92.16667631803178
DevOps Engineer,27,Other,High School,1,105714,199279,93565,88.50767164235579
Software Engineer,40,Female,PhD,1,168494,469874,301380,178.8669032725201
DevOps Engineer,63,Male,High School,15,105114,182162,77048,73.29946534239016
Data Scientist,60,Male,PhD,22,199897,472252,272355,136.24766754878763
Software Engineer,35,Female,Master,13,172783,432122,259339,150.09520612560263
Designer,23,Other,PhD,0,134540,239580,105040,78.07343540954363
Data Engineer,33,Other,Bachelor,2,126940,261627,134687,106.10288325193005
Product Manager,57,Female,PhD,6,142269,316846,174577,122.70909333726954
Project Manager,35,Female,Bachelor,8,96050,156455,60405,62.889120249869855
Product Manager,41,Male,High School,16,115433,197643,82210,71.21880224892362
Data Engineer,64,Female,Bachelor,10,134599,267886,133287,99.02525278791076
Data Scientist,38,Female,PhD,10,170494,420597,250103,146.69313876148132
Business Analyst,50,Other,High School,15,80314,116898,36584,45.55121149488259
Data Scientist,58,Male,PhD,7,172163,406731,234568,136.24762579648356
Consultant,55,Other,Bachelor,2,101977,177521,75544,74.07944928758445
Product Manager,50,Male,Bachelor,8,126104,236714,110610,87.71331599314851
Business Analyst,26,Female,Master,1,94817,168844,74027,78.07355221110139
Data Scientist,37,Male,High School,4,109568,195295,85727,78.2409097546729
DevOps Engineer,29,Other,PhD,6,181389,487646,306257,168.83989657586733
Business Analyst,61,Other,Master,39,121281,200013,78732,64.91701090855122
Project Manager,36,Other,High School,3,75999,115230,39231,51.620416058106024
Consultant,34,Other,High School,0,86954,142993,56039,64.44671895484969
Designer,58,Female,Master,18,130471,203783,73312,56.19026450322294
Data Scientist,58,Other,Bachelor,13,143369,272937,129568,90.37379070789362
Business Analyst,46,Female,PhD,13,138712,250175,111463,80.35570102082012
Data Scientist,25,Male,Master,0,156695,379203,222508,142.000702000702
Data Engineer,62,Male,High School,23,121759,219211,97452,80.03679399469443
Data Scientist,34,Female,High School,9,113068,201534,88466,78.24141224749708
Product Manager,30,Other,High School,3,97894,167613,69719,71.21886938933949
Business Analyst,64,Male,PhD,8,104585,183292,78707,75.25648993641536
Business Analyst,52,Other,Bachelor,24,94886,144212,49326,51.98448664713445
Data Engineer,49,Other,High School,17,123906,229873,105967,85.52208932577922
Software Engineer,58,Other,Bachelor,31,171575,356924,185349,108.02797610374472
Project Manager,35,Female,PhD,10,132224,254090,121866,92.16632381413359
Data Scientist,60,Male,PhD,27,194084,458519,264435,136.24770717833516
Data Scientist,33,Male,Master,4,136248,305227,168979,124.02310492631084
DevOps Engineer,47,Female,Bachelor,21,161745,318176,156431,96.71458159448515
Product Manager,55,Male,High School,1,89419,149141,59722,66.7889374741386
Business Analyst,41,Male,Master,10,117303,198479,81176,69.20198119400186
Data Engineer,24,Female,Master,2,156491,402222,245731,157.0256436472385
DevOps Engineer,55,Male,Master,32,193578,417147,223569,115.49297957412517
Product Manager,64,Other,Master,20,157395,321690,164295,104.38387496426189
Designer,26,Female,Master,0,107796,180327,72531,67.2854280307247
Business Analyst,38,Other,High School,2,64849,94389,29540,45.55197458711777
Product Manager,39,Female,High School,2,86019,147281,61262,71.21914925772214
Data Scientist,51,Other,High School,18,127163,220373,93210,73.29962331810353
Business Analyst,42,Male,PhD,6,119619,215739,96120,80.35512752990745
Data Engineer,31,Other,High School,7,113582,210719,97137,85.52147347290943
Consultant,25,Male,High School,3,93525,161427,67902,72.60304731355252
Project Manager,47,Other,Bachelor,6,81990,133553,51563,62.889376753262596
Data Engineer,53,Other,PhD,8,173294,434142,260848,150.52338799958451
Project Manager,53,Male,PhD,18,130833,243581,112748,86.17703484594865
Data Scientist,50,Male,Bachelor,23,153256,301477,148221,96.71464738737798
Designer,64,Male,PhD,39,147629,243466,95837,64.9174620162705
Data Scientist,25,Male,PhD,1,151043,406064,255021,168.83999920552426
DevOps Engineer,36,Female,Bachelor,6,131684,259042,127358,96.71486285349776
Business Analyst,54,Other,Bachelor,16,91487,139046,47559,51.984434947041656
Consultant,58,Female,High School,6,88251,141643,53392,60.5001643040872
DevOps Engineer,31,Male,High School,5,97279,173391,76112,78.24093586488348
Designer,35,Male,High School,13,88081,123051,34970,39.70209239222988
Data Engineer,57,Female,Bachelor,20,161861,322144,160283,99.02508942858378
DevOps Engineer,36,Other,Master,0,144106,322830,178724,124.02259447906403
Designer,38,Male,PhD,4,122471,207223,84752,69.20168856300675
Business Analyst,25,Female,High School,2,76969,116226,39257,51.00365082046019
Product Manager,52,Other,Bachelor,18,144113,262377,118264,82.06338081921825
Data Scientist,40,Other,PhD,7,165391,408008,242617,146.6929881311559
Product Manager,24,Other,Bachelor,0,119461,238313,118852,99.49021019412193
Product Manager,60,Male,PhD,16,167390,372792,205402,122.70864448294402
Data Scientist,65,Male,Bachelor,36,150359,286245,135886,90.3743706728563
Consultant,44,Female,Master,21,158279,317227,158948,100.42267135880311
DevOps Engineer,33,Other,High School,8,114822,204660,89838,78.24110362125725
Product Manager,29,Other,PhD,0,158525,398366,239841,151.29537927771645
Data Engineer,54,Other,PhD,0,155106,388576,233470,150.52286823204776
Designer,33,Female,Master,9,127259,203376,76117,59.81266550892275
Project Manager,37,Female,Master,12,131637,235741,104104,79.08414807386981
Business Analyst,48,Other,Bachelor,18,105489,163821,58332,55.29676079970424
Software Engineer,54,Male,High School,18,144715,270631,125916,87.00963963652697
Designer,57,Other,PhD,32,165864,273538,107674,64.91704046688854
Software Engineer,44,Male,Master,0,149425,373704,224279,150.0946963359545
Project Manager,22,Other,High School,0,81152,128153,47001,57.91724171924291
Data Scientist,63,Male,Bachelor,29,155406,295853,140447,90.37424552462582
Product Manager,32,Male,High School,2,97048,166165,69117,71.21939658725579
Business Analyst,59,Other,High School,7,63325,90487,27162,42.89301223845243
Business Analyst,64,Male,High School,18,82934,118507,35573,42.89314394578822
Data Engineer,24,Female,High School,1,116103,228659,112556,96.94495404942164
Consultant,22,Female,Master,0,132067,283017,150950,114.29804568893063
Business Analyst,57,Other,Bachelor,20,90818,138030,47212,51.98528925983836
Data Engineer,25,Female,PhD,2,179388,515702,336314,187.4785381407898
Business Analyst,22,Female,PhD,0,102533,195792,93259,90.95510713623906
Designer,45,Other,Master,4,104426,166886,62460,59.81269032616399
Data Scientist,53,Female,PhD,12,185420,438051,252631,136.2479775644483
Consultant,54,Male,High School,6,93360,149843,56483,60.50021422450729
Business Analyst,31,Female,High School,6,66174,96317,30143,45.551122797473326
Project Manager,58,Male,Bachelor,24,107270,170615,63345,59.051925048941925
Project Manager,41,Female,PhD,17,149228,286766,137538,92.16634947865012
DevOps Engineer,39,Other,Bachelor,14,136371,268262,131891,96.71484406508715
Project Manager,27,Other,Master,5,119768,226940,107172,89.48300046757063
Product Manager,48,Other,High School,11,110171,188634,78463,71.21928638207878
Business Analyst,48,Female,PhD,14,120497,217323,96826,80.35552752350681
Consultant,44,Female,Master,12,136277,273130,136853,100.42266853540949
Data Scientist,57,Other,PhD,5,153503,362647,209144,136.24750004885897
Designer,24,Male,Bachelor,1,90823,139701,48878,53.816764475958735
Designer,31,Male,High School,9,77704,108554,30850,39.70194584577371
Product Manager,59,Female,High School,10,104059,173559,69500,66.78903314465832
Software Engineer,63,Female,PhD,34,217239,576922,359683,165.57017846703403
Software Engineer,54,Other,PhD,7,189399,502987,313588,165.57003996853203
Data Scientist,63,Other,PhD,6,145690,344189,198499,136.24751184020866
Product Manager,35,Other,Master,10,159969,339018,179049,111.92731091649006
Software Engineer,48,Male,Bachelor,7,150465,324842,174377,115.89206792277274
Product Manager,39,Female,PhD,4,162546,376935,214389,131.89435605920784
Software Engineer,33,Female,High School,8,125044,241421,116377,93.06883976840152
Software Engineer,50,Male,High School,20,138043,266518,128475,93.06882638018588
Project Manager,37,Male,Bachelor,1,75491,122966,47475,62.88829131949504
Data Engineer,34,Other,High School,2,95478,177132,81654,85.52127191604349
Data Scientist,52,Female,High School,3,95700,165847,70147,73.29885057471265
Business Analyst,37,Other,Master,10,103454,175046,71592,69.2017708353471
Business Analyst,49,Male,PhD,18,138287,249408,111121,80.35534793581465
Consultant,37,Female,High School,6,85896,141253,55357,64.44654000186272
Data Scientist,24,Male,Master,2,142046,343752,201706,142.00047871816173
Designer,46,Male,Master,2,112829,180315,67486,59.81263682209361
DevOps Engineer,29,Female,Master,7,152277,368511,216234,142.00043342067417
Data Scientist,52,Other,Master,28,180150,388210,208060,115.49264501804053
Consultant,42,Other,High School,18,101780,167374,65594,64.44684613873059
Consultant,32,Male,PhD,3,145673,317421,171748,117.89967941897264
Product Manager,52,Female,Bachelor,30,139871,254653,114782,82.06275782685475
DevOps Engineer,30,Female,High School,8,120789,215296,94507,78.24139615362326
Project Manager,43,Female,PhD,15,152657,293356,140699,92.1667529166694
Data Engineer,64,Other,Master,31,192788,437903,245115,127.14224951760482
DevOps Engineer,56,Female,Master,12,161068,347090,186022,115.49283532421089
Product Manager,55,Male,High School,5,92774,154737,61963,66.7891866255632
Business Analyst,47,Male,Master,15,124001,209812,85811,69.2018612753123
DevOps Engineer,59,Other,PhD,22,191631,452724,261093,136.24778871894424
Product Manager,55,Female,Bachelor,26,141498,257616,116118,82.06335071873806
Data Scientist,24,Female,High School,2,109080,205624,96544,88.50751741840851
DevOps Engineer,31,Male,PhD,8,165299,407781,242482,146.6929624498636
Designer,40,Female,Master,5,103012,164626,61614,59.81244903506388
Data Engineer,32,Other,Bachelor,5,119751,246810,127059,106.10266302577848
Project Manager,49,Male,Bachelor,17,110428,179875,69447,62.88894121056254
Business Analyst,42,Female,High School,1,70941,103256,32315,45.551937525549405
Software Engineer,22,Female,Bachelor,0,131993,306789,174796,132.42823483063495
Business Analyst,22,Male,High School,0,72203,109029,36826,51.00342091048849
Designer,31,Male,PhD,3,126299,213700,87401,69.20165638682808
DevOps Engineer,50,Male,Bachelor,14,137762,270998,133236,96.71462377143189
Consultant,62,Male,PhD,0,131017,274968,143951,109.87200134333712
DevOps Engineer,55,Male,High School,17,108733,188433,79700,73.29881452732842
Software Engineer,64,Other,PhD,16,194574,516731,322157,165.57042564782552
DevOps Engineer,54,Male,Master,13,166135,358009,191874,115.49282210250699
Consultant,57,Other,PhD,9,130846,274609,143763,109.87191049019458
Data Engineer,27,Male,Bachelor,3,137959,304809,166850,120.9417290644322
Consultant,55,Male,PhD,24,188139,394851,206712,109.8719563726819
Software Engineer,27,Male,Master,5,168161,458886,290725,172.88491386231053
Consultant,45,Male,Master,14,141697,283993,142296,100.4227330148133
Business Analyst,59,Female,PhD,34,137665,241268,103603,75.2573275705517
Product Manager,60,Other,PhD,6,152759,340208,187449,122.70897295740349
Data Engineer,22,Female,Master,0,141791,364439,222648,157.02548116594141
Designer,65,Female,High School,23,96712,132904,36192,37.422450161303665
Designer,65,Male,Bachelor,22,111542,161961,50419,45.201807390937944
Business Analyst,22,Male,PhD,0,119017,227269,108252,90.95507364494148
Software Engineer,27,Other,Bachelor,4,128418,298479,170061,132.42769705181516
Consultant,56,Male,PhD,17,172750,362554,189804,109.87206946454413
Product Manager,54,Male,Master,9,139082,284261,145179,104.38374484117283
Data Scientist,62,Other,Master,32,176573,380502,203929,115.49274237850634
Consultant,32,Male,Master,5,129301,259149,129848,100.42304390530623
Designer,42,Male,PhD,0,115260,195022,79762,69.20180461565157
Product Manager,39,Female,PhD,14,177144,410787,233643,131.894391003929
Consultant,43,Other,High School,2,78149,128514,50365,64.4474017581799
Business Analyst,28,Male,Master,6,106104,188943,82839,78.07339968332955
Designer,60,Female,Master,6,111955,174863,62908,56.19043365637979
Product Manager,51,Female,Master,7,128147,261912,133765,104.38402771816742
Data Engineer,57,Other,Master,5,143714,326435,182721,127.1421016741584
Data Scientist,59,Female,PhD,18,200644,474017,273373,136.24778214150436
Business Analyst,33,Female,PhD,11,115132,207647,92515,80.35559184240698
DevOps Engineer,38,Female,Bachelor,16,162295,319258,156963,96.71462460334575
Business Analyst,42,Male,High School,8,72350,105307,32957,45.55217691776088
Data Engineer,35,Male,PhD,13,196173,514633,318460,162.33630520000204
DevOps Engineer,62,Other,High School,33,129290,224059,94769,73.29955913063655
Data Engineer,48,Female,Bachelor,23,157279,324156,166877,106.1025311707221
Software Engineer,54,Female,Bachelor,5,137995,287068,149073,108.02782709518462
Data Scientist,52,Male,High School,9,113609,196884,83275,73.29965055585384
DevOps Engineer,61,Male,PhD,22,210428,497132,286704,136.24802782899616
Business Analyst,22,Female,Master,0,105843,188478,82635,78.07318386667045
Business Analyst,31,Male,High School,9,76935,111980,35045,45.55143952687333
Designer,27,Female,High School,3,83994,121258,37264,44.36507369574017
Consultant,61,Female,PhD,1,114264,239808,125544,109.87187565637471
Consultant,29,Female,PhD,2,150858,354197,203339,134.78834400562118
Consultant,65,Male,Master,7,115900,224606,108706,93.79292493528905
Product Manager,52,Other,High School,16,105983,176768,70785,66.78901333232689
Designer,51,Other,Master,9,111248,173759,62511,56.1906730907522
Project Manager,44,Male,Bachelor,10,89973,146556,56583,62.888866659998
Project Manager,46,Male,PhD,14,144445,277575,133130,92.16656859012082
Software Engineer,46,Female,Bachelor,14,155538,335794,180256,115.89193637567668
Data Scientist,62,Male,Master,7,139065,299675,160610,115.49275518642361
Data Scientist,38,Other,Bachelor,3,110280,216937,106657,96.71472615161407
Data Scientist,40,Other,Master,5,133220,298443,165223,124.02266926887854
Consultant,32,Male,PhD,1,123177,268402,145225,117.89944551336696
DevOps Engineer,27,Other,High School,5,108322,204196,95874,88.50833625671609
Project Manager,41,Female,High School,2,70278,106556,36278,51.62070633768747
Consultant,23,Female,High School,1,98118,169355,71237,72.6033959110459
Designer,54,Male,Master,18,143349,223898,80549,56.19083495524908
Software Engineer,50,Other,PhD,16,230808,643648,412840,178.86728362968353
Business Analyst,26,Male,Master,3,99051,176383,77332,78.0729119342561
Product Manager,49,Female,Master,13,149666,317183,167517,111.9272246201542
Data Engineer,48,Other,High School,13,122011,226357,104346,85.52179721500521
Business Analyst,24,Male,Master,2,106248,189199,82951,78.07299902115804
Project Manager,30,Other,High School,1,75495,114466,38971,51.62063712828664
Designer,63,Male,High School,24,104488,143590,39102,37.42247913636015
Business Analyst,42,Male,PhD,1,101138,182408,81270,80.35555379778125
Software Engineer,65,Other,Bachelor,1,118843,247227,128384,108.02823893708506
Consultant,62,Male,Master,1,108818,210882,102064,93.79330625447996
Consultant,48,Female,High School,1,83379,137114,53735,64.44668321759676
Data Engineer,63,Other,Bachelor,15,150579,299690,149111,99.0250964609939
Data Scientist,52,Female,PhD,12,184889,436796,251907,136.24769456268356
Business Analyst,59,Male,PhD,28,148805,260791,111986,75.2568798091462
Software Engineer,48,Other,PhD,4,173634,484208,310574,178.86704216916044
Data Engineer,49,Female,High School,3,114708,212808,98100,85.52149806465111
Data Engineer,58,Other,High School,19,133744,240789,107045,80.0372353152291
Data Engineer,25,Female,PhD,0,160697,461970,301273,187.47891995494626
Data Engineer,35,Male,High School,11,113374,210333,96959,85.52137174308042
Designer,22,Female,Master,0,120223,201115,80892,67.28496211207506
DevOps Engineer,60,Female,High School,24,136903,237252,100349,73.29934333067939
Data Engineer,56,Male,High School,0,87978,158393,70415,80.03705471822501
Project Manager,64,Other,Master,17,114910,200035,85125,74.07971455922025
Consultant,25,Other,High School,3,89348,154218,64870,72.60375162286789
Project Manager,24,Male,High School,1,76141,120239,44098,57.91623435468407
Data Scientist,51,Other,High School,15,104668,181389,76721,73.29938472121374
Business Analyst,30,Female,Master,5,104025,176012,71987,69.20163422254267
Consultant,45,Male,High School,6,86914,142927,56013,64.446464321053
Consultant,31,Female,Bachelor,4,94257,168799,74542,79.08378157590418
Data Engineer,32,Other,Master,5,166549,394282,227733,136.73633585311228
Business Analyst,24,Male,PhD,0,113928,217551,103623,90.95481356646303
Designer,24,Male,High School,1,81557,117739,36182,44.36406439667962
Designer,48,Other,Bachelor,15,118286,175092,56806,48.02428013458905
Designer,42,Male,Master,18,128156,204810,76654,59.81304035706483
Software Engineer,39,Other,Bachelor,2,115000,248276,133276,115.89217391304348
Designer,64,Female,Master,7,103167,161137,57970,56.190448496127644
Consultant,49,Male,Master,13,146394,293407,147013,100.42283153681161
Project Manager,38,Male,PhD,1,102925,197787,94862,92.16614039349041
Data Scientist,51,Female,Master,29,174941,376985,202044,115.49265180832396
Consultant,64,Other,Bachelor,40,129173,224864,95691,74.07972254263662
DevOps Engineer,61,Other,High School,35,137805,238815,101010,73.29922716882551
Data Scientist,48,Other,Bachelor,9,129962,255654,125692,96.71442421630938
Product Manager,52,Male,Bachelor,1,100282,182576,82294,82.06258351448913
DevOps Engineer,35,Other,Master,12,152099,340736,188637,124.02251165359404
Consultant,36,Other,PhD,7,134107,292218,158111,117.89914023876457
DevOps Engineer,29,Male,Master,2,164983,399260,234277,142.0006909802828
Consultant,57,Male,Master,10,120006,232563,112557,93.79281035948203
Business Analyst,63,Male,Bachelor,23,104177,158333,54156,51.984603127369766
DevOps Engineer,28,Female,Bachelor,5,139345,292582,153237,109.96950016146974
Product Manager,36,Female,High School,9,101544,173863,72319,71.21937288269125
Project Manager,24,Male,Master,1,101957,193191,91234,89.48282118932491
Business Analyst,50,Female,Bachelor,17,94570,146864,52294,55.29660568890768
Data Scientist,46,Other,Bachelor,14,147037,289244,142207,96.71511252269836
Consultant,37,Other,Master,9,127958,256457,128499,100.42279497960268
Business Analyst,52,Female,PhD,24,130952,229503,98551,75.25734620318896
Consultant,24,Male,PhD,2,157585,369992,212407,134.78884411587399
Data Engineer,41,Male,High School,16,123260,228674,105414,85.52166152847639
Designer,64,Female,Bachelor,33,109258,158645,49387,45.202181991250065
Business Analyst,37,Other,PhD,8,113016,203831,90815,80.35587881361931
Project Manager,39,Male,PhD,12,136820,262922,126102,92.16634994883789
DevOps Engineer,54,Male,PhD,21,206575,488029,281454,136.24785186978096
Designer,48,Male,PhD,9,127071,215006,87935,69.20147004430594
Consultant,44,Female,Bachelor,4,111220,199178,87958,79.084696996943
DevOps Engineer,60,Male,Bachelor,5,105132,200144,95012,90.37400601149031
DevOps Engineer,42,Male,Bachelor,7,130133,255991,125858,96.71489937218077
Data Engineer,48,Other,Master,16,181995,430848,248853,136.73617407071623
Data Engineer,34,Female,PhD,11,188001,493195,305194,162.33637055122048
Business Analyst,24,Other,High School,1,64840,97911,33071,51.00400987045034
Software Engineer,34,Female,High School,0,107413,207381,99968,93.06880917579808
Business Analyst,25,Other,High School,1,68542,103501,34959,51.00376411543287
Product Manager,65,Male,High School,29,122384,204124,81740,66.78977644136489
Data Engineer,61,Female,Bachelor,19,144009,286614,142605,99.02506093369165
Data Scientist,63,Male,Master,31,176682,380737,204055,115.49280628473755
Designer,33,Female,Bachelor,10,110912,164176,53264,48.02365839584535
Project Manager,29,Female,Bachelor,0,92069,157267,65198,70.8142805939024
DevOps Engineer,38,Other,High School,6,100826,179714,78888,78.24172336500506
DevOps Engineer,38,Female,High School,12,122695,218693,95998,78.2411671217246
Software Engineer,60,Male,High School,18,131790,246460,114670,87.00963654298505
Product Manager,45,Male,High School,1,94317,161489,67172,71.21939841173914
Project Manager,48,Male,PhD,9,120629,231809,111180,92.16689187508807
DevOps Engineer,41,Female,PhD,16,204969,505645,300676,146.69340241695085
Business Analyst,25,Male,High School,2,76659,115758,39099,51.00379603177709
DevOps Engineer,52,Male,PhD,5,149861,354043,204182,136.24758943287446
Designer,28,Other,High School,4,87878,126865,38987,44.36491499578962
Designer,57,Male,PhD,23,151902,250512,98610,64.91685428763282
Product Manager,31,Male,High School,2,89652,153501,63849,71.21871235443716
DevOps Engineer,24,Female,Bachelor,0,121107,254288,133181,109.96969621904597
Software Engineer,41,Male,Bachelor,8,144887,312800,167913,115.8923851001125
Data Engineer,34,Male,PhD,2,149902,393248,243346,162.3367266614188
Data Scientist,59,Female,Bachelor,37,172079,327594,155515,90.37418859942235
Product Manager,33,Male,Master,4,130125,275770,145645,111.92699327569645
Consultant,47,Female,Master,21,153951,308553,154602,100.42286181966989
DevOps Engineer,47,Male,Bachelor,12,144347,283952,139605,96.7148607175764
Data Scientist,42,Male,Bachelor,11,130482,256677,126195,96.71448935485354
Business Analyst,48,Female,High School,15,88232,128423,40191,45.551500589355335
Data Scientist,37,Female,PhD,5,167000,411978,244978,146.6934131736527
Business Analyst,29,Male,Bachelor,5,87534,141906,54372,62.115292343546514
Designer,53,Female,Bachelor,16,112145,162837,50692,45.20219358865754
Product Manager,34,Male,Master,5,151905,321928,170023,111.9271913366907
Designer,35,Female,High School,2,70107,97941,27834,39.70216954084471
Product Manager,51,Female,Bachelor,27,158787,289093,130306,82.06339309893127
Business Analyst,24,Male,Master,0,103852,184933,81081,78.07360474521434
Data Engineer,24,Male,PhD,2,167862,482568,314706,187.479000607642
Data Scientist,52,Male,Bachelor,20,137371,261519,124148,90.37424201614606
Designer,54,Female,Bachelor,18,108322,157286,48964,45.20226731411901
Business Analyst,22,Female,High School,0,72167,108975,36808,51.003921459947065
Consultant,34,Female,High School,5,90411,148678,58267,64.4468040393315
Project Manager,46,Female,PhD,2,114688,220392,105704,92.16657366071429
Designer,64,Female,Master,2,97769,152706,54937,56.19061256635539
Project Manager,60,Female,Bachelor,23,117834,187417,69583,59.05171682196989
Software Engineer,39,Other,Bachelor,5,126974,274127,147153,115.89222990533494
Business Analyst,62,Other,Bachelor,28,93067,141448,48381,51.985128993091
Product Manager,29,Other,High School,6,119240,215107,95867,80.39835625628984
DevOps Engineer,35,Female,Master,9,159689,357740,198051,124.02294459856347
Data Scientist,22,Male,High School,0,108235,204032,95797,88.50833833787591
Consultant,33,Female,Master,11,137963,276509,138546,100.42257706776454
Software Engineer,47,Female,PhD,9,192469,536733,344264,178.8672461539261
Consultant,56,Female,High School,33,107828,173064,65236,60.500055644174054
Business Analyst,49,Female,PhD,14,134092,241842,107750,80.35527846553113
Data Scientist,32,Female,PhD,4,152988,377411,224423,146.69320469579316
Project Manager,64,Male,Bachelor,20,97245,154670,57425,59.051879273998665
Consultant,26,Female,PhD,0,157940,370825,212885,134.78852728884388
Product Manager,39,Male,High School,5,101031,172984,71953,71.21873484376083
Project Manager,47,Other,Bachelor,18,107472,175060,67588,62.88893851421765
DevOps Engineer,65,Other,Master,28,164135,353699,189564,115.49273463916899
Project Manager,22,Male,Master,0,111482,211240,99758,89.48350406343624
Project Manager,48,Female,Bachelor,18,103396,168421,65025,62.88928004951836
DevOps Engineer,56,Other,Bachelor,24,147486,280775,133289,90.37400160015187
DevOps Engineer,38,Male,High School,15,132806,236715,103909,78.24119392196135
Consultant,27,Other,High School,2,90105,155524,65419,72.60307419122135
Project Manager,22,Male,Master,0,114228,216443,102215,89.48331407360716
Data Scientist,44,Female,Master,18,175440,393026,217586,124.02302781577748
Business Analyst,35,Male,Bachelor,2,77248,119963,42715,55.295929991715
Software Engineer,36,Other,High School,7,107747,208026,100279,93.0689485554122
Consultant,43,Other,High School,1,90203,148336,58133,64.4468587519262
Data Engineer,58,Female,Bachelor,17,155464,309412,153948,99.02485462872434
Data Engineer,34,Female,High School,6,117875,218684,100809,85.52195121951219
Consultant,53,Other,Bachelor,11,107642,187383,79741,74.07982014455324
Consultant,48,Female,Master,21,161400,323482,162082,100.42255266418836
Project Manager,42,Male,PhD,20,144159,277026,132867,92.1669822903877
Designer,30,Male,Bachelor,5,97411,144192,46781,48.024350432702676
DevOps Engineer,38,Female,PhD,8,164491,405788,241297,146.69313214704755
Data Engineer,33,Female,PhD,5,166540,436895,270355,162.33637564549056
Consultant,24,Male,PhD,1,155682,365524,209842,134.78886448015828
Consultant,64,Female,PhD,8,137650,288889,151239,109.87213948419905
Consultant,54,Female,PhD,20,175364,368040,192676,109.87203759038341
Software Engineer,32,Other,Bachelor,6,128181,276733,148552,115.89237094421169
Project Manager,47,Male,Bachelor,7,99160,161521,62361,62.889269866881804
Data Engineer,62,Female,Master,40,219347,498230,278883,127.14238170569918
Consultant,53,Other,Bachelor,7,99305,172870,73565,74.07985499219576
Business Analyst,51,Female,PhD,8,120741,211607,90866,75.2569549697286
Product Manager,38,Female,PhD,12,195254,452783,257529,131.89435299660954
Data Scientist,47,Other,Bachelor,2,121781,239561,117780,96.7145942306271
Data Scientist,25,Other,Bachelor,0,116977,245616,128639,109.96948118006105
DevOps Engineer,52,Male,Bachelor,29,164052,312313,148261,90.37439348499257
Product Manager,39,Female,Master,14,150029,317952,167923,111.92702744136133
Software Engineer,61,Male,High School,21,134516,251558,117042,87.00972375033453
DevOps Engineer,49,Male,Master,26,185428,415401,229973,124.0228013029316
Software Engineer,38,Female,High School,3,121227,234051,112824,93.06837585686357
Consultant,30,Other,High School,2,80865,132980,52115,64.44691770234341
Business Analyst,38,Other,Master,15,109678,185577,75899,69.20166305001915
Designer,61,Female,Master,36,141525,221049,79524,56.190779014308426
Designer,34,Male,Bachelor,5,98033,145112,47079,48.023624697805836
Project Manager,32,Other,High School,7,78321,118751,40430,51.62089350238123
Project Manager,42,Other,Master,4,105471,188882,83411,79.08429805349337
Project Manager,55,Female,High School,10,71728,106558,34830,48.55844300691501
Consultant,58,Female,Bachelor,31,143176,249241,106065,74.08015309828463
Software Engineer,54,Female,PhD,8,187780,498688,310908,165.570348279902
Data Engineer,41,Female,Bachelor,6,127163,262086,134923,106.10240400116386
Data Engineer,60,Female,Master,22,186312,423193,236881,127.14210571514448
Consultant,49,Other,Master,18,147091,294804,147713,100.42286747659612
Product Manager,47,Male,PhD,18,192611,446654,254043,131.894336252862
Data Engineer,54,Female,PhD,3,168178,421325,253147,150.52325512254873
Data Scientist,27,Other,High School,2,96406,181733,85327,88.50797668194926
Product Manager,55,Male,Bachelor,25,149149,271545,122396,82.06290353941361
Product Manager,43,Other,High School,3,91666,156950,65284,71.21942705037854
Product Manager,64,Female,PhD,0,140682,313311,172629,122.7086620889666
Project Manager,39,Other,PhD,16,141594,272096,130502,92.16633473169767
DevOps Engineer,31,Male,PhD,0,136027,335569,199542,146.692935961243
Designer,56,Male,PhD,16,141995,234174,92179,64.91707454487835
DevOps Engineer,63,Other,Bachelor,37,150874,287225,136351,90.37408698649205
Software Engineer,52,Male,Bachelor,17,137998,287075,149077,108.0283772228583
Data Scientist,32,Male,High School,1,93342,166374,73032,78.2413061644276
Data Engineer,42,Male,PhD,19,225225,590848,365623,162.33677433677434
Software Engineer,47,Male,Bachelor,4,121874,263116,141242,115.89182270213499
Software Engineer,62,Male,Master,4,139996,335088,195092,139.35541015457585
Data Scientist,65,Male,Bachelor,13,122014,232283,110269,90.37405543626141
Project Manager,25,Female,Bachelor,3,90296,154238,63942,70.81376805174095
Consultant,27,Other,Bachelor,1,102525,194268,91743,89.4835405998537
Product Manager,50,Male,Bachelor,20,135911,255123,119212,87.71328295722937
Project Manager,42,Female,PhD,3,114680,220377,105697,92.1668991977677
Designer,61,Female,Bachelor,10,106114,154079,47965,45.20138718736453
Data Engineer,39,Male,PhD,16,221335,580643,359308,162.33672939209796
Data Scientist,54,Male,Master,0,136843,294887,158044,115.49293716156473
DevOps Engineer,36,Male,PhD,14,207175,511087,303912,146.69337516592253
Consultant,43,Female,High School,3,90506,148834,58328,64.4465560294345
Data Engineer,64,Other,High School,0,94662,170426,75764,80.03633981956857
Consultant,30,Other,High School,7,92679,152408,59729,64.4471778935897
Designer,58,Female,Master,19,136393,213033,76640,56.19056696458029
Consultant,36,Male,High School,11,97480,160303,62823,64.44706606483382
DevOps Engineer,53,Other,PhD,10,181028,427675,246647,136.24798373732241
Data Scientist,57,Other,Master,4,123914,267026,143112,115.49300321190503
Software Engineer,51,Female,Bachelor,2,112459,233946,121487,108.02781458131408
Product Manager,49,Male,Master,11,145249,307822,162573,111.92710448953176
Project Manager,40,Other,High School,15,83760,126998,43238,51.62129894937918
Business Analyst,51,Other,PhD,17,125745,220377,94632,75.25706787546224
Data Engineer,24,Other,PhD,0,164912,474087,309175,187.4787765596197
Designer,59,Other,Bachelor,10,93043,135100,42057,45.2016809432198
DevOps Engineer,48,Female,Bachelor,17,139824,275054,135230,96.71444101155738
DevOps Engineer,42,Other,Master,7,140417,314566,174149,124.02273229024976
Consultant,46,Other,PhD,16,184648,402347,217699,117.89946276157879
Data Engineer,29,Male,High School,5,118102,232596,114494,96.94501363228396
Data Scientist,59,Other,Master,19,171691,369982,198291,115.49294954307447
Product Manager,41,Other,High School,10,103903,177902,73999,71.21931031827764
Data Scientist,57,Male,Master,17,167062,360006,192944,115.49245190408351
Data Engineer,36,Female,Master,14,183117,433504,250387,136.73607584222108
Project Manager,34,Male,Bachelor,6,81308,132442,51134,62.88926058936391
DevOps Engineer,34,Other,Master,5,143431,321318,177887,124.02270081084284
Designer,52,Other,Bachelor,3,87840,127545,39705,45.20150273224044
Project Manager,31,Female,Master,0,99445,178090,78645,79.08391573231435
Business Analyst,40,Female,Master,14,124877,211294,86417,69.20169446735588
Designer,63,Other,High School,29,96565,132702,36137,37.422461554393415
Consultant,62,Male,Master,29,145844,282635,136791,93.79268259235896
Consultant,63,Male,Master,36,173666,336553,162887,93.79325832344846
Data Engineer,32,Male,Bachelor,5,118738,244722,125984,106.1025114116795
Designer,45,Female,High School,10,90343,126211,35868,39.70202450660261
Data Engineer,53,Female,Bachelor,15,135674,270025,134351,99.02486843463006
Designer,46,Other,High School,1,70782,98884,28102,39.70218417111695
Product Manager,43,Other,High School,15,117021,200362,83341,71.21884106271524
Product Manager,22,Male,Bachelor,0,106184,211826,105642,99.48956528290515
DevOps Engineer,27,Male,Master,0,149256,361200,211944,142.00032159511176
DevOps Engineer,62,Other,High School,27,131340,227611,96271,73.29907111314147
DevOps Engineer,40,Other,PhD,0,145619,359232,213613,146.69308263344755
Designer,24,Female,PhD,2,126270,224853,98583,78.07317652649085
Consultant,34,Other,High School,11,92627,152322,59695,64.44665162425642
Business Analyst,45,Female,PhD,0,101495,183052,81557,80.35568254593822
DevOps Engineer,37,Female,Master,12,169350,379383,210033,124.02302922940656
DevOps Engineer,42,Other,High School,12,110281,196566,86285,78.24103880088138
Data Engineer,61,Other,PhD,24,215634,540213,324579,150.5231086006845
Designer,65,Other,PhD,1,113552,187267,73715,64.91739467380583
Data Engineer,57,Other,High School,32,125888,226645,100757,80.03701703101169
DevOps Engineer,48,Female,Master,24,206605,462842,256237,124.02265192033106
Product Manager,46,Female,Bachelor,16,144091,270478,126387,87.71332005468766
Designer,37,Male,PhD,0,103974,175926,71952,69.20191586358128
Project Manager,23,Male,Master,1,107958,204562,96604,89.4829470720095
Consultant,62,Other,PhD,35,162629,341313,178684,109.87216302135536
Data Engineer,64,Female,Bachelor,23,146885,292338,145453,99.02508765360656
Data Scientist,44,Female,Bachelor,14,139265,273955,134690,96.71489606146555
Software Engineer,38,Female,Bachelor,14,157070,339102,182032,115.89227732857961
Business Analyst,55,Female,Bachelor,15,85574,130060,44486,51.98541613106785
Business Analyst,28,Other,High School,1,65581,99030,33449,51.00410179777679
DevOps Engineer,38,Other,Master,1,136711,306264,169553,124.02293890030795
Data Engineer,43,Other,PhD,21,226118,593190,367072,162.3364791834352
Data Scientist,22,Female,Master,0,141893,343382,201489,142.0006624710169
Consultant,24,Male,PhD,0,132844,311902,179058,134.78817259341784
Data Engineer,51,Female,High School,11,117532,211601,94069,80.03692611373924
Project Manager,36,Male,Bachelor,10,95870,156162,60292,62.88932930009388
DevOps Engineer,30,Other,Bachelor,1,111198,218743,107545,96.71486897246353
DevOps Engineer,54,Other,Bachelor,31,150262,286060,135798,90.37414649079608
Designer,44,Female,PhD,4,134068,226846,92778,69.20219590058775
Consultant,33,Female,PhD,5,140365,305855,165490,117.89976133651552
DevOps Engineer,48,Male,High School,21,140803,250969,110166,78.24123065559682
Product Manager,34,Male,PhD,9,178406,413714,235308,131.89466721971235
Data Scientist,44,Female,Bachelor,10,126490,248824,122334,96.71436477191872
DevOps Engineer,46,Female,Master,10,159557,357444,197887,124.02276302512583
Consultant,59,Male,Master,5,121798,236036,114238,93.79300152711866
Business Analyst,44,Male,Master,7,101107,171075,69968,69.20193458415342
Data Engineer,53,Other,High School,5,110771,199429,88658,80.037193850376
Product Manager,60,Female,High School,17,116521,194345,77824,66.78967739720737
Data Scientist,40,Male,Bachelor,1,105582,207695,102113,96.71440207611145
Data Engineer,49,Female,High School,1,111436,206738,95302,85.52173444847267
Data Engineer,57,Female,Bachelor,2,114394,227673,113279,99.02529852964315
Business Analyst,39,Other,Bachelor,13,96171,149350,53179,55.29629514094686
Consultant,38,Other,Bachelor,11,117838,211029,93191,79.08399667339907
DevOps Engineer,45,Male,PhD,9,161032,397255,236223,146.69320383526255
Business Analyst,49,Other,Bachelor,17,108583,168626,60043,55.29686967573193
Data Scientist,22,Other,High School,0,109599,206603,97004,88.50810682579221
DevOps Engineer,49,Male,Bachelor,15,155879,306637,150758,96.7147595250162
Data Engineer,27,Female,PhD,2,181805,522651,340846,187.47889221968592
Designer,33,Male,High School,8,86283,120539,34256,39.70191115283428
Data Engineer,65,Female,High School,31,143580,258497,114917,80.0369132191113
Software Engineer,33,Male,Bachelor,11,151812,327750,175938,115.89202434590152
Data Scientist,29,Male,PhD,3,156921,421866,264945,168.83973464354676
DevOps Engineer,36,Female,Master,3,154103,345226,191123,124.02289377883623
Designer,30,Male,PhD,2,121547,205660,84113,69.20203707207911
Product Manager,23,Male,Master,0,149861,341339,191478,127.77040057119598
Product Manager,35,Other,Bachelor,13,137026,257216,120190,87.71328069125568
Project Manager,38,Female,PhD,16,156958,301621,144663,92.16669427490156
Software Engineer,46,Male,Bachelor,1,120474,260094,139620,115.89222570845162
Business Analyst,54,Other,High School,16,85170,121702,36532,42.89303745450276
Designer,59,Male,Master,36,136773,213626,76853,56.19018373509391
Data Scientist,48,Other,Bachelor,25,150388,295835,145447,96.71449849722052
Business Analyst,60,Other,High School,22,81441,116373,34932,42.892400633587506
Data Scientist,41,Other,Master,14,159745,357865,198120,124.02266111615387
Business Analyst,41,Other,Master,10,113542,192115,78573,69.20170509591165
Product Manager,44,Female,PhD,6,153193,355246,202053,131.894407707924
Product Manager,52,Female,Master,21,166313,339917,173604,104.38390264140507
DevOps Engineer,55,Other,Master,22,192210,414199,221989,115.49295041881275
Project Manager,39,Other,Master,17,133328,238770,105442,79.08466338653545
Designer,56,Male,High School,28,106697,146626,39929,37.422795392560246
Business Analyst,53,Other,High School,26,86867,124127,37260,42.893158506682624
Data Scientist,26,Other,PhD,2,180844,486181,305337,168.83999469155737
Business Analyst,38,Female,Master,9,108494,183574,75080,69.20198351982599
Project Manager,24,Female,Master,2,102234,193716,91482,89.4829508773989
Data Engineer,56,Female,Bachelor,16,140744,280116,139372,99.02518046950492
Designer,55,Other,Master,23,135831,212155,76324,56.190413086850576
Data Scientist,48,Female,High School,4,107721,192003,84282,78.24101150193556
DevOps Engineer,44,Female,Bachelor,11,126882,249596,122714,96.71505808546523
Software Engineer,36,Other,Master,13,166155,415545,249390,150.0947910083958
Product Manager,28,Other,Master,3,151136,344243,193107,127.77035253017151
Project Manager,36,Other,PhD,0,115657,222254,106597,92.16649230050926
Data Engineer,35,Female,Master,6,170631,403945,233314,136.73599756199047
DevOps Engineer,60,Other,Master,34,190303,410089,219786,115.49266170265314
Business Analyst,65,Female,Bachelor,31,107639,163595,55956,51.984875370451235
Data Engineer,27,Other,High School,1,119268,234892,115624,96.94469597880403
Consultant,35,Other,High School,2,80937,133098,52161,64.44642129063347
DevOps Engineer,55,Female,PhD,15,179381,423784,244403,136.24798613008068
Data Scientist,28,Female,Bachelor,4,143688,301701,158013,109.96951728745617
Software Engineer,54,Other,High School,20,124491,232810,108319,87.00950269497395
Project Manager,36,Other,Bachelor,6,90277,147051,56774,62.88866488695902
Designer,60,Male,PhD,11,142724,235376,92652,64.91690255317957
Product Manager,31,Male,Bachelor,3,118322,222106,103784,87.71318943222731
Data Engineer,28,Male,High School,3,114248,225005,110757,96.94436664099153
Designer,57,Other,PhD,26,149198,246053,96855,64.91709004142146
Software Engineer,53,Female,High School,19,131829,246533,114704,87.00968679122197
Software Engineer,57,Female,PhD,4,175008,464769,289761,165.57014536478331
Project Manager,33,Other,Bachelor,8,98974,161218,62244,62.889243639743775
Software Engineer,39,Female,Bachelor,7,145609,314358,168749,115.89187481543037
Consultant,28,Male,Bachelor,5,108404,205408,97004,89.48378288624036
Product Manager,54,Other,Bachelor,0,108013,196652,88639,82.06327016192495
Consultant,62,Female,PhD,7,130092,273027,142935,109.87224425790978
Consultant,55,Male,PhD,32,160892,337667,176775,109.8718394948164
Project Manager,65,Female,Master,9,116627,203024,86397,74.07975854647722
Consultant,55,Female,High School,19,98151,157533,59382,60.500657150716755
Consultant,50,Male,Master,19,152686,306018,153332,100.42309052565395
Data Engineer,22,Male,PhD,0,169330,486788,317458,187.4788873796728
Consultant,31,Male,Bachelor,3,106346,190449,84103,79.08430970605383
Consultant,49,Female,PhD,4,154291,336199,181908,117.89929419084717
Data Engineer,49,Other,High School,18,127637,236794,109157,85.52143970792169
Data Scientist,61,Other,High School,8,97499,168965,71466,73.29921332526487
Data Scientist,52,Male,PhD,27,196471,464159,267688,136.2480976836276
DevOps Engineer,56,Female,Master,19,184651,397910,213259,115.49301113993427
DevOps Engineer,45,Other,Bachelor,10,128321,252426,124105,96.7144894444401
Consultant,63,Male,Master,29,149942,290577,140635,93.79293326753012
Data Engineer,50,Male,Master,5,166806,394890,228084,136.7360886299054
DevOps Engineer,55,Female,PhD,6,155509,367387,211878,136.24806281308477
DevOps Engineer,37,Other,PhD,14,185753,458240,272487,146.693189342837
Business Analyst,58,Other,High School,32,91909,131331,39422,42.892426204180225
Designer,42,Female,High School,4,84843,118528,33685,39.70274507030633
Designer,61,Female,Master,5,118111,184478,66367,56.190363302317316
Product Manager,42,Male,Master,5,125745,266488,140743,111.92731321324905
Designer,41,Other,Master,14,127391,203587,76196,59.81270262420422
Project Manager,29,Other,Master,4,121610,230431,108821,89.48359509908724
Business Analyst,58,Female,High School,19,77396,110593,33197,42.892397539924545
Data Scientist,46,Female,Bachelor,23,173717,341727,168010,96.71477172642862
Data Scientist,58,Other,Bachelor,6,118112,224855,106743,90.37439040910323
Software Engineer,28,Other,Master,5,170776,466022,295246,172.88494870473602
Data Scientist,40,Other,Master,17,172384,386179,213795,124.02253109337293
Designer,47,Other,Bachelor,5,92780,137337,44557,48.024358697995254
Designer,49,Female,Master,2,104003,166210,62207,59.81269771064296
Consultant,45,Female,Bachelor,20,123523,221210,97687,79.08405722011285
DevOps Engineer,50,Male,Master,15,157981,353913,195932,124.02250903589672
DevOps Engineer,52,Male,Bachelor,17,141895,270131,128236,90.37386800098665
Data Scientist,49,Male,High School,11,104903,186981,82078,78.24180433352717
Business Analyst,58,Female,High School,20,93024,132925,39901,42.89323185414517
Software Engineer,38,Female,High School,11,114657,221367,106710,93.06889243569952
Business Analyst,24,Other,Master,1,93557,166600,73043,78.07326015156536
DevOps Engineer,24,Female,Bachelor,2,116309,244213,127904,109.96913394492258
Software Engineer,51,Other,Bachelor,1,108613,225945,117332,108.02758417500668
Product Manager,60,Female,Master,10,149539,305633,156094,104.38347187021446
Data Scientist,53,Other,High School,7,103522,179403,75881,73.29939529761789
Software Engineer,37,Male,Master,2,139832,349713,209881,150.09511413696436
Designer,31,Other,Master,0,96958,154951,57993,59.81249613234596
Consultant,28,Female,Bachelor,1,113942,215901,101959,89.48324586192975
Data Engineer,24,Male,Master,0,165932,426488,260556,157.02576959236313
Designer,60,Female,Bachelor,1,87922,127664,39742,45.201428538932234
Product Manager,29,Male,Master,1,150133,341959,191826,127.77070997049282
Data Scientist,36,Male,Master,3,139894,313394,173500,124.02247415900611
Data Scientist,24,Male,Master,2,137864,333632,195768,142.0008123948239
Designer,37,Other,PhD,15,151762,256784,105022,69.20177646578195
DevOps Engineer,63,Male,Master,1,121454,261724,140270,115.49228514499316
Business Analyst,63,Male,High School,8,68561,97969,29408,42.893190005980074
Project Manager,41,Female,High School,19,95752,145180,49428,51.62085387250397
DevOps Engineer,61,Other,Master,39,189239,407796,218557,115.49257816834798
Data Scientist,39,Female,Bachelor,17,161869,318420,156551,96.71462726031544
Product Manager,58,Other,PhD,19,168617,375525,206908,122.70886090963545
Software Engineer,34,Male,Bachelor,0,118379,255571,137192,115.89217682190254
Data Engineer,32,Female,Bachelor,5,123414,254360,130946,106.10303531203915
Product Manager,65,Female,Master,11,149130,304798,155668,104.38409441426944
Software Engineer,46,Other,Bachelor,17,164289,354687,190398,115.89211694026989
Data Engineer,50,Other,Bachelor,9,122526,252529,130003,106.10237827073436
Product Manager,29,Female,Master,5,164971,375756,210785,127.7709415594256
Designer,61,Male,High School,10,78571,107974,29403,37.42220412111339
DevOps Engineer,37,Male,Master,7,141470,316925,175455,124.02276100940128
Designer,58,Other,Bachelor,0,76646,111291,34645,45.20131513712392
Consultant,42,Female,Master,2,125632,251795,126163,100.42266301579215
Software Engineer,30,Male,Bachelor,3,132219,285450,153231,115.89181585097452
Software Engineer,31,Other,Bachelor,6,140331,302964,162633,115.89242576479894
Product Manager,38,Other,PhD,12,172014,398891,226877,131.8944969595498
Product Manager,38,Other,PhD,4,155094,359654,204560,131.89420609436857
Product Manager,42,Female,High School,9,99681,170673,70992,71.21918921359136
Data Engineer,23,Male,PhD,0,187608,539333,351725,187.47867894759284
Data Scientist,22,Female,High School,0,98692,186042,87350,88.50768046042232
Software Engineer,25,Female,Master,2,179307,489302,309995,172.88505189423725
Data Scientist,43,Male,Bachelor,15,131316,258318,127002,96.7147948460203
Data Scientist,43,Other,PhD,5,166453,410628,244175,146.69306050356556
Data Scientist,38,Male,Master,2,140642,315070,174428,124.02269592298177
Data Scientist,40,Male,Master,11,169208,379065,209857,124.02309583471232
Data Scientist,42,Other,High School,15,133262,237528,104266,78.24135912713301
Data Scientist,61,Other,High School,23,118647,205614,86967,73.29894561177274
Consultant,55,Other,Bachelor,31,132348,230391,98043,74.07969897542841
Consultant,24,Female,High School,0,83541,144194,60653,72.60267413605295
Project Manager,63,Other,High School,34,89835,133458,43623,48.55902487894473
Consultant,40,Female,PhD,15,168255,366627,198372,117.89961665329412
Project Manager,49,Female,High School,3,68189,103389,35200,51.621229230521045
Data Scientist,29,Other,PhD,0,157387,423119,265732,168.83986606263542
Designer,30,Female,Bachelor,4,89494,132472,42978,48.02333117303954
Business Analyst,38,Female,Master,13,126912,214737,87825,69.20149394856278
DevOps Engineer,53,Other,Bachelor,29,164810,313756,148946,90.37437048722772
Project Manager,39,Male,PhD,11,122454,235316,112862,92.16685449229914
Project Manager,37,Female,PhD,15,143568,275890,132322,92.16677811211412
Designer,45,Male,Master,22,133945,214061,80116,59.81260965321587
Software Engineer,29,Female,Master,1,179192,488988,309796,172.884950220992
Consultant,31,Male,PhD,2,126177,274939,148762,117.8994586969099
Consultant,61,Other,PhD,6,134325,281911,147586,109.87232458589243
Designer,36,Other,Master,5,118451,189300,70849,59.81291842196351
Consultant,23,Other,Master,0,127661,273575,145914,114.29802367206901
Product Manager,24,Other,Bachelor,0,124135,247637,123502,99.49007129334998
Designer,54,Female,Bachelor,8,91750,133223,41473,45.202179836512265
DevOps Engineer,54,Female,PhD,8,153186,361899,208713,136.24809055657826
Designer,37,Female,PhD,7,144689,244817,100128,69.20221993378902
DevOps Engineer,59,Other,Master,32,186918,402795,215877,115.4928899303438
Data Engineer,38,Male,Bachelor,13,135705,279692,143987,106.10294388563429
Business Analyst,36,Female,Bachelor,11,92971,144381,51410,55.29681298469416
Consultant,45,Female,Bachelor,23,140683,251941,111258,79.08418216842121
Product Manager,26,Female,High School,2,105000,189418,84418,80.39809523809524
Software Engineer,35,Female,High School,11,131997,254845,122848,93.06878186625454
Data Scientist,28,Female,Bachelor,6,146304,307194,160890,109.96965223097112
Software Engineer,48,Female,Master,20,222362,556116,333754,150.0948903139925
Consultant,38,Male,PhD,16,174140,379450,205310,117.89939129436087
DevOps Engineer,36,Other,High School,0,101954,181724,79770,78.24116758538165
Consultant,53,Male,High School,21,118418,190061,71643,60.500092891283415
Designer,26,Male,Bachelor,4,95061,146220,51159,53.817022753810704
Product Manager,39,Other,High School,5,95860,164131,68271,71.21948675151262
Product Manager,47,Other,PhD,20,184715,428344,243629,131.89454023766342
Project Manager,41,Other,Bachelor,16,109920,179048,69128,62.88937409024745
Product Manager,25,Other,Bachelor,3,124928,249219,124291,99.4901063012295
Consultant,30,Other,Master,1,125692,251915,126223,100.42246125449512
Project Manager,54,Male,PhD,0,94574,176075,81501,86.17696195571722
Data Engineer,35,Female,Bachelor,9,126147,259992,133845,106.10240433779639
Project Manager,36,Female,High School,7,74881,113535,38654,51.62057130647294
Data Scientist,36,Male,High School,13,120522,214820,94298,78.24131693798643
Designer,28,Other,PhD,2,143015,254672,111657,78.07362864035241
Software Engineer,47,Male,High School,8,120565,232773,112208,93.06846929042425
Software Engineer,25,Female,PhD,3,204833,629396,424563,207.27275390195916
DevOps Engineer,56,Female,Bachelor,24,157589,300009,142420,90.37432815742216
Data Scientist,33,Female,Bachelor,8,119084,234256,115172,96.71492391925027
Business Analyst,34,Other,Master,2,85088,143970,58882,69.20129748025573
Project Manager,46,Male,Master,12,107566,192634,85068,79.08446907015228
Data Engineer,59,Female,High School,13,112688,202880,90192,80.03691608689479
DevOps Engineer,34,Female,PhD,9,194186,479044,284858,146.69337645350333
Product Manager,60,Female,High School,10,103116,171986,68870,66.78885914891967
Business Analyst,58,Female,PhD,15,133826,234539,100713,75.25667658003677
Designer,58,Male,High School,22,89620,123158,33538,37.422450345904934
Data Engineer,31,Female,PhD,1,151994,398736,246742,162.33667118438885
Product Manager,35,Other,Master,12,151907,321932,170025,111.92703430388329
Data Scientist,40,Male,PhD,15,176112,434456,258344,146.6930135368402
Product Manager,59,Male,Master,17,151970,310602,158632,104.38375995262223
Consultant,59,Female,Bachelor,3,89402,155631,66229,74.07999821033087
Data Scientist,56,Other,Bachelor,22,157861,300526,142665,90.37380987070904
Data Scientist,53,Male,Master,20,175776,378785,203009,115.493013835791
Consultant,46,Male,Master,19,163005,326699,163694,100.42268642066195
Software Engineer,22,Male,Master,0,170344,464843,294499,172.88486826656649
Product Manager,24,Other,Bachelor,1,120790,240964,120174,99.49002400860999
Data Engineer,32,Male,Bachelor,4,120500,248354,127854,106.10290456431535
Data Scientist,61,Other,Master,27,166388,358554,192166,115.49270380075487
Consultant,59,Male,Bachelor,19,126234,219748,93514,74.07988339116245
Business Analyst,45,Other,Bachelor,7,90370,140341,49971,55.296005311497176
Consultant,27,Female,PhD,4,152838,358846,206008,134.78846883628418
Project Manager,42,Other,Master,0,90121,161392,71271,79.08367639063037
Data Scientist,36,Other,Master,8,163476,366224,202748,124.0230981917835
DevOps Engineer,26,Other,PhD,0,175786,472583,296797,168.83995312482222
Project Manager,49,Female,Bachelor,15,101987,166126,64139,62.88938786315903
Data Scientist,60,Male,Master,20,163815,353009,189194,115.49247626896192
Project Manager,32,Male,High School,0,66807,101293,34486,51.62033918601344
Software Engineer,36,Female,Master,8,175767,439585,263818,150.09529661426774
Business Analyst,29,Female,PhD,5,120803,230679,109876,90.95469483373758
DevOps Engineer,49,Male,Bachelor,17,152368,299730,147362,96.714533235325
Software Engineer,28,Female,High School,5,119938,246736,126798,105.71962180459904
Project Manager,26,Male,PhD,4,123949,253686,129737,104.66966252248908
Consultant,30,Female,Master,3,126725,253986,127261,100.42296310909448
Data Engineer,37,Female,PhD,11,204014,535203,331189,162.3364082857059
Project Manager,60,Female,Bachelor,30,121747,193641,71894,59.05196842632673
Product Manager,56,Male,High School,20,120026,200191,80165,66.7896955659607
Project Manager,56,Female,Master,12,116035,201994,85959,74.08023441203085
Software Engineer,56,Female,High School,18,127321,238102,110781,87.00921293423708
Designer,64,Other,PhD,19,142089,234329,92240,64.91705902638488
Business Analyst,57,Male,Bachelor,21,92650,140814,48164,51.98488936859147
Data Engineer,57,Other,High School,33,129379,232930,103551,80.03694571762033
Data Scientist,23,Other,Bachelor,1,127250,267186,139936,109.96935166994106
Software Engineer,33,Female,Bachelor,0,111736,241229,129493,115.89192382043387
Product Manager,53,Male,Master,12,147584,301638,154054,104.38394405897657
DevOps Engineer,62,Female,High School,16,119918,207817,87899,73.29925449056856
DevOps Engineer,56,Other,Bachelor,32,142602,271477,128875,90.3739077993296
DevOps Engineer,55,Other,High School,11,111688,193554,81866,73.29883246185803
Project Manager,61,Other,Master,12,112446,195746,83300,74.08000284581043
Designer,43,Other,PhD,14,138244,233911,95667,69.20155666792049
Data Scientist,23,Female,High School,1,103611,195315,91704,88.50797695225411
Project Manager,33,Other,PhD,3,117370,225546,108176,92.16665246655874
Software Engineer,43,Male,PhD,6,180106,502256,322150,178.8668894984065
DevOps Engineer,35,Female,PhD,13,190737,470535,279798,146.69309048585225
Designer,44,Female,PhD,18,175044,296178,121134,69.20202920408583
Data Engineer,53,Female,Master,28,184798,419754,234956,127.14206863710646
Data Engineer,33,Male,Bachelor,6,140584,289748,149164,106.10311272975588
Consultant,65,Female,Bachelor,5,92250,160589,68339,74.08021680216802
Consultant,56,Male,PhD,7,146176,306783,160607,109.87234566549913
Designer,64,Other,Master,15,121776,190203,68427,56.190875049270794
Business Analyst,49,Male,Bachelor,23,110248,171211,60963,55.29624120165445
Project Manager,54,Other,Master,21,125394,218286,92892,74.08009952629313
DevOps Engineer,51,Female,Master,23,163649,352652,189003,115.4929147138082
Data Scientist,34,Other,High School,5,111277,198342,87065,78.24168516405008
Product Manager,26,Female,High School,4,117554,212065,94511,80.39794477431649
DevOps Engineer,27,Male,Master,3,145014,350935,205921,142.0007723392224
Consultant,53,Other,Bachelor,10,99954,174000,74046,74.08007683534426
Consultant,46,Male,Master,16,143369,287344,143975,100.42268551778977
Consultant,44,Male,Master,14,145610,291836,146226,100.4230478675915
Project Manager,47,Male,Bachelor,1,75559,123077,47518,62.8886036077767
Project Manager,46,Male,Master,23,134921,241622,106701,79.08405659608215
Project Manager,24,Male,Bachelor,0,85743,146461,60718,70.81394399542819
Product Manager,25,Female,Master,2,158476,360962,202486,127.77076655140212
Software Engineer,34,Male,Master,10,160177,400595,240418,150.0952071770604
Data Scientist,54,Male,PhD,1,148217,350159,201942,136.24752896091542
DevOps Engineer,42,Male,High School,19,140336,250137,109801,78.24150609964656
Data Scientist,47,Other,Master,14,152371,341346,188975,124.02294399852991
Software Engineer,44,Female,High School,8,118301,228402,110101,93.06852858386657
Product Manager,36,Other,Bachelor,5,120106,225455,105349,87.7133532046692
Data Engineer,60,Other,High School,8,100890,181639,80749,80.03667360491625
Consultant,45,Female,PhD,23,169589,369534,199945,117.89974585615812
Data Engineer,46,Male,Master,19,199524,472345,272821,136.7359315170105
Designer,53,Other,High School,10,79413,109131,29718,37.42208454535152
Software Engineer,37,Other,Master,2,135332,338458,203126,150.09458221263264
Data Scientist,44,Male,PhD,22,220295,543453,323158,146.69329762364103
Project Manager,53,Other,High School,1,67142,99745,32603,48.558279467397455
Project Manager,50,Other,High School,18,96487,146294,49807,51.620425549555904
Business Analyst,34,Female,High School,4,76276,111021,34745,45.55168073837118
Project Manager,24,Other,Bachelor,0,92325,157704,65379,70.81397238017871
DevOps Engineer,58,Male,Bachelor,6,126152,240161,114009,90.3743103557613
Designer,45,Male,Master,1,98788,157876,59088,59.812932744867794
Product Manager,40,Other,Master,6,150574,319107,168533,111.92702591416845
Designer,35,Other,Bachelor,11,107148,158605,51457,48.02422817038116
Project Manager,64,Female,High School,19,99119,147250,48131,48.55880305491379
Business Analyst,45,Male,PhD,0,107210,193359,86149,80.35537729689395
Data Engineer,61,Male,PhD,3,145034,363344,218310,150.5233255650399
DevOps Engineer,42,Other,Bachelor,9,129291,254334,125043,96.7143884725155
Business Analyst,61,Other,PhD,37,134536,235784,101248,75.25718023428674
Project Manager,31,Other,High School,4,67304,102047,34743,51.621003209318914
Software Engineer,61,Other,Bachelor,11,146067,303860,157793,108.02782284841888
Product Manager,48,Other,PhD,3,162311,376390,214079,131.8943263241555
Designer,35,Other,Master,8,107995,172590,64595,59.812954303439966
Data Scientist,64,Male,PhD,36,227424,537284,309860,136.24771352187983
Software Engineer,52,Female,High School,30,155769,291303,135534,87.00961038460798
DevOps Engineer,61,Other,Master,2,126480,272555,146075,115.49256799493992
Product Manager,37,Male,PhD,4,155353,360255,204902,131.894459714328
Project Manager,25,Male,PhD,2,135507,277341,141834,104.66913148398238
Software Engineer,58,Male,High School,23,130953,244895,113942,87.00984322619566
Consultant,61,Other,High School,35,102779,164961,62182,60.500685937788845
Data Scientist,39,Male,PhD,7,177771,438549,260778,146.69321767892401
Business Analyst,50,Male,Bachelor,26,98352,152737,54385,55.29628273954774
Data Engineer,39,Female,Bachelor,1,109963,226637,116674,106.10296190536816
Designer,27,Female,Master,0,104796,175308,70512,67.2850108782778
Project Manager,62,Male,Bachelor,17,111614,177524,65910,59.051731861594426
Business Analyst,28,Male,PhD,1,116122,221741,105619,90.95520228724962
Product Manager,61,Female,Bachelor,32,146524,266766,120242,82.06300674292267
Software Engineer,29,Male,Master,6,161155,439768,278613,172.88511060779993
Project Manager,59,Female,PhD,34,148962,277333,128371,86.17701158684766
Project Manager,42,Male,Bachelor,12,90330,147138,56808,62.88940551311857
Consultant,40,Female,PhD,15,168211,366531,198320,117.89954283608088
Product Manager,59,Female,Master,30,192120,392662,200542,104.38371850926504
Software Engineer,24,Male,PhD,1,189067,580952,391885,207.27308308694802
Designer,50,Male,Bachelor,12,111972,165745,53773,48.023613046118676
Product Manager,25,Female,Bachelor,0,128737,256817,128080,99.48965720810645
DevOps Engineer,29,Other,High School,3,113241,213468,100227,88.50769597583914
Software Engineer,43,Female,Master,5,171847,429781,257934,150.09514277234985
Consultant,59,Other,PhD,32,191299,401483,210184,109.8719805121825
Designer,22,Other,Master,0,123158,206025,82867,67.28511343152698
Product Manager,24,Male,High School,2,94494,170465,75971,80.39769720828835
Software Engineer,61,Other,High School,10,117690,220091,102401,87.00909168153625
Consultant,65,Male,Master,18,136376,264287,127911,93.79289611075262
DevOps Engineer,59,Female,Master,36,183810,396097,212287,115.49262825743976
Consultant,62,Male,Master,28,162859,315609,152750,93.79279008221836
DevOps Engineer,33,Male,High School,8,108880,194069,85189,78.2411829537105
DevOps Engineer,51,Female,Bachelor,7,126095,240052,113957,90.37392442206273
Consultant,28,Female,Bachelor,3,109493,207471,97978,89.48334596732211
Software Engineer,65,Male,Master,20,187684,449232,261548,139.35551245710874
Data Scientist,49,Other,High School,4,95413,170065,74652,78.24091056774233
Designer,49,Female,PhD,22,171304,289850,118546,69.20212020735067
Data Engineer,53,Male,PhD,3,145904,365523,219619,150.52294659502138
Data Scientist,50,Other,PhD,8,161497,398402,236905,146.69312742651564
Designer,28,Male,Bachelor,1,87712,134916,47204,53.81703757752645
Business Analyst,51,Other,PhD,26,128530,225258,96728,75.25713841126586
DevOps Engineer,32,Male,Master,10,151344,339045,187701,124.02275610529654
Data Scientist,47,Male,Bachelor,11,132318,260289,127971,96.71473268943001
Product Manager,50,Other,Bachelor,0,103427,194146,90719,87.71307298867801
Product Manager,32,Male,Bachelor,7,120041,225333,105292,87.71336460042819
Project Manager,36,Male,Bachelor,12,99446,161987,62541,62.8894073165336
Designer,64,Other,Bachelor,15,105930,153812,47882,45.201548192202395
Data Engineer,55,Other,Master,9,168700,383189,214489,127.14226437462952
Software Engineer,23,Male,Bachelor,1,123594,287267,163673,132.4279495768403
DevOps Engineer,36,Other,High School,12,123560,220235,96675,78.24134023955973
DevOps Engineer,26,Male,Bachelor,4,121082,254235,133153,109.96927701887978
Project Manager,51,Male,Master,9,98129,170823,72694,74.08003750165598
Business Analyst,62,Other,Master,33,117429,193660,76231,64.91667305350467
Data Engineer,31,Female,Master,8,164411,389220,224809,136.73598481853404
Product Manager,55,Other,Bachelor,6,110561,201291,90730,82.06329537540363
Product Manager,46,Male,Bachelor,20,152730,286695,133965,87.71361225692398
Designer,65,Male,Master,28,132753,207348,74595,56.190820546428334
Designer,57,Female,PhD,19,158934,262109,103175,64.91688373790379
Product Manager,59,Other,PhD,16,173786,387037,213251,122.70896389812758
Business Analyst,23,Female,Master,1,108166,192615,84449,78.07351663184365
Project Manager,64,Other,PhD,8,119137,221805,102668,86.1764187448064
Consultant,46,Female,High School,10,107859,177371,69512,64.44710223532574
Data Engineer,61,Other,High School,25,120664,217240,96576,80.03712789232911
Business Analyst,27,Female,High School,2,76288,115198,38910,51.004089765100666
Data Engineer,34,Other,High School,8,104954,194712,89758,85.5212759875755
Project Manager,38,Other,High School,8,80594,122197,41603,51.62046802491501
Consultant,35,Male,High School,10,93411,153612,60201,64.44744195009153
Consultant,57,Male,Master,2,123648,239621,115973,93.79286361283644
Software Engineer,58,Other,Master,6,139683,334339,194656,139.35554076014978
Consultant,24,Female,Bachelor,1,110145,208706,98561,89.48295428753006
Designer,58,Male,Bachelor,17,117327,170361,53034,45.20187169193792
Product Manager,40,Female,PhD,15,183277,425009,241732,131.89434571713855
DevOps Engineer,55,Female,PhD,5,163164,385471,222307,136.24757912284574
Software Engineer,45,Other,PhD,19,230225,642022,411797,178.8671951351938
DevOps Engineer,23,Other,Master,1,135770,328564,192794,142.00044192384178
Consultant,22,Male,PhD,0,127323,298940,171617,134.78868704004776
Product Manager,53,Female,Bachelor,5,117827,214519,96692,82.06268512310422
Designer,52,Other,High School,18,95184,130804,35620,37.42225584131787
DevOps Engineer,30,Male,PhD,4,174517,430522,256005,146.6934453377035
Data Scientist,41,Other,Master,16,174521,390967,216446,124.0228969579592
Business Analyst,50,Other,PhD,0,100293,180884,80591,80.35555821443171
Designer,46,Other,PhD,1,111006,187824,76818,69.20166477487703
Consultant,36,Other,PhD,2,133524,290948,157424,117.89940385249093
Product Manager,55,Male,PhD,5,149876,333787,183911,122.70877258533721
Product Manager,61,Female,Master,5,123007,251406,128399,104.38349037046673
Data Engineer,32,Other,Master,1,140742,333187,192445,136.73601341461682
DevOps Engineer,29,Male,PhD,2,165602,445204,279602,168.83974831221843
Product Manager,25,Male,Bachelor,0,112561,224548,111987,99.49005428167837
Consultant,32,Female,High School,5,93038,152998,59960,64.44678518454825
DevOps Engineer,36,Other,Bachelor,8,129288,254329,125041,96.71508570014232
DevOps Engineer,28,Other,High School,2,117546,221584,104038,88.50832865431406
Product Manager,35,Other,PhD,1,153561,356099,202538,131.8941658363777
Product Manager,45,Male,High School,23,125119,214228,89109,71.21939913202631
Product Manager,34,Female,High School,3,99333,170077,70744,71.21903093634543
Designer,26,Other,Bachelor,1,93449,143740,50291,53.81652024098707
Data Scientist,28,Other,PhD,2,180666,485702,305036,168.83973741600522
Business Analyst,38,Male,PhD,16,134938,243368,108430,80.35542249032889
Consultant,38,Male,High School,14,111644,183595,71951,64.446813084447
DevOps Engineer,63,Other,PhD,21,195666,462257,266591,136.24799403064404
Project Manager,62,Male,PhD,29,135535,252335,116800,86.17700225034125
Designer,41,Other,PhD,0,110467,186912,76445,69.20166203481583
Data Engineer,63,Male,Master,32,192133,436415,244282,127.14213591626633
Software Engineer,22,Female,Bachelor,0,133446,310166,176720,132.42809825697287
Data Engineer,33,Other,High School,2,109680,203480,93800,85.52151714077316
Project Manager,39,Female,PhD,0,110127,211627,101500,92.16631707029157
Software Engineer,28,Male,Bachelor,5,143389,333276,189887,132.42787103613247
Project Manager,47,Other,High School,6,72275,109584,37309,51.62089242476652
Data Engineer,43,Female,Bachelor,2,132029,272115,140086,106.10244718963257
Data Engineer,55,Female,PhD,30,206979,518531,311552,150.52348305866778
Data Engineer,41,Male,Master,8,170151,402809,232658,136.73619314608788
Business Analyst,61,Male,High School,33,88848,126957,38109,42.89235548352242
Software Engineer,49,Male,PhD,12,182036,507638,325602,178.866817552572
Product Manager,24,Male,High School,0,100736,181726,80990,80.39826874205845
Consultant,64,Male,Bachelor,33,126807,220746,93939,74.08029525183942
DevOps Engineer,61,Female,High School,18,119636,207328,87692,73.29900698786318
Product Manager,65,Other,PhD,14,167744,373581,205837,122.70900896604348
Business Analyst,52,Other,Master,11,95748,157905,62157,64.91728286752726
Data Scientist,42,Male,Master,1,123933,277638,153705,124.02265740359711
DevOps Engineer,26,Other,High School,0,92750,174841,82091,88.5078167115903
Business Analyst,33,Male,Master,10,117135,198195,81060,69.20220258675886
Data Scientist,58,Other,Master,28,190479,410468,219989,115.49252148530809
Product Manager,63,Other,High School,21,112454,187561,75107,66.7890870933893
DevOps Engineer,28,Female,High School,0,114549,215934,101385,88.5079747531624
Data Engineer,53,Male,High School,7,98510,177354,78844,80.03654451324739
Business Analyst,59,Male,Master,14,108111,178293,70182,64.91661348058939
Data Engineer,24,Female,High School,1,112266,221102,108836,96.94475620401546
Project Manager,61,Male,Bachelor,17,108589,172713,64124,59.05202184383317
Data Scientist,39,Other,High School,6,111321,198420,87099,78.24130218018163
Designer,24,Male,High School,0,74341,107322,32981,44.36448258699775
Product Manager,49,Other,Bachelor,3,117068,219752,102684,87.71312399630983
Data Engineer,53,Other,PhD,2,166988,418344,251356,150.52339090234028
DevOps Engineer,46,Female,Bachelor,10,137480,270443,132963,96.71443118999127
Software Engineer,38,Female,PhD,2,181364,505764,324400,178.86680928960544
Product Manager,53,Female,High School,11,108900,181634,72734,66.78971533516989
Software Engineer,34,Female,Master,6,179212,448200,268988,150.09485971921524
Business Analyst,42,Male,High School,0,66576,96902,30326,45.550949291035806
Data Engineer,50,Other,Master,2,132280,313154,180874,136.73571212579375
DevOps Engineer,60,Male,PhD,0,147882,349368,201486,136.24781920720574
Project Manager,56,Other,Master,21,127222,221468,94246,74.07995472481174
Software Engineer,57,Male,Master,6,145842,349080,203238,139.35491833628174
Data Scientist,51,Male,High School,21,133592,231514,97922,73.29929935924307
Software Engineer,32,Other,Bachelor,6,128088,276532,148444,115.89219911310973
Consultant,24,Female,Master,0,117459,251713,134254,114.29860632220606
Data Scientist,58,Male,Master,18,160381,345609,185228,115.49248352360941
Business Analyst,31,Female,High School,4,76150,110838,34688,45.55219960604071
Project Manager,34,Other,Bachelor,2,75049,122246,47197,62.8882463457208
Software Engineer,62,Male,Bachelor,4,116196,241720,125524,108.02781507108679
Consultant,57,Female,Master,26,161637,313241,151604,93.79288158033123
DevOps Engineer,57,Female,High School,15,121101,209867,88766,73.29914699300583
Product Manager,55,Female,High School,30,136106,227010,90904,66.7891202445153
Software Engineer,40,Male,PhD,2,166764,465050,298286,178.86714158931184
Designer,63,Male,Master,23,125008,195251,70243,56.19080378855753
Data Scientist,57,Female,Master,14,175426,378030,202604,115.49257236669592
Data Scientist,50,Other,Master,18,194128,434891,240763,124.02280969257397
Project Manager,54,Male,High School,21,86541,128564,42023,48.558486728833735
Designer,46,Male,High School,5,76900,107431,30531,39.70221066319896
Software Engineer,60,Male,Master,36,220791,528475,307684,139.35531792509659
Project Manager,60,Male,Master,20,119827,208595,88768,74.08013219057474
Consultant,48,Other,Master,9,133059,266681,133622,100.42312057057397
Project Manager,55,Other,High School,15,82120,121996,39876,48.55820750121773
Project Manager,51,Male,High School,9,75773,112567,36794,48.558193551792854
Data Scientist,39,Female,High School,1,92515,164900,72385,78.24136626493001
Project Manager,32,Female,Master,9,113749,203707,89958,79.08465129363775
Project Manager,25,Female,Master,2,117181,222038,104857,89.48293665355305
Designer,58,Other,Bachelor,1,82176,119321,37145,45.20176207165109
Product Manager,64,Female,Master,40,180341,368588,188247,104.38391713476136
Designer,47,Male,High School,11,96146,134318,38172,39.702119692966946
Project Manager,25,Other,High School,1,78760,124375,45615,57.916455053326565
Consultant,63,Female,High School,16,103684,166413,62729,60.50017360441341
Data Engineer,42,Male,High School,11,123288,228726,105438,85.5217052754526
Software Engineer,28,Female,High School,1,110887,228116,117229,105.71933590051133
Project Manager,44,Male,Bachelor,12,96395,157017,60622,62.88915400176358
Software Engineer,34,Male,Bachelor,11,158131,341392,183261,115.89188710626
DevOps Engineer,29,Other,PhD,7,169734,456313,286579,168.84006739957815
Software Engineer,25,Other,Bachelor,0,139755,324830,185075,132.42817788272333
Product Manager,57,Other,Master,33,191067,390510,199443,104.3838025404701
DevOps Engineer,53,Female,High School,1,85938,148930,62992,73.29935534920524
Project Manager,52,Female,PhD,3,117431,218629,101198,86.1765632584241
Software Engineer,61,Other,PhD,37,224095,595130,371035,165.57040540842053
Software Engineer,57,Other,Bachelor,12,152937,318152,165215,108.028142306963
Data Engineer,39,Female,Bachelor,5,118297,243813,125516,106.10243708631664
Business Analyst,39,Other,Master,6,107588,182041,74453,69.20195560843216
Project Manager,26,Female,Bachelor,0,85592,146203,60611,70.81386110851481
Designer,36,Female,Bachelor,5,95331,141113,45782,48.02425234184054
Business Analyst,35,Male,High School,3,69870,101697,31827,45.55173894375268
Data Scientist,44,Other,Master,13,161537,361880,200343,124.0229792555266
Data Scientist,22,Male,Master,0,131086,317229,186143,142.00067131501456
Data Engineer,25,Other,High School,2,112125,220824,108699,96.94448160535117
Business Analyst,22,Female,Bachelor,0,92562,150057,57495,62.115122836585215
Designer,47,Other,High School,18,95399,133275,37876,39.70272225075735
Business Analyst,44,Female,PhD,11,127873,230626,102753,80.35550898156765
Consultant,34,Female,Bachelor,6,110585,198040,87455,79.08396256273454
Software Engineer,24,Female,Master,0,163357,445777,282420,172.88515337573534
Business Analyst,37,Male,PhD,15,137126,247314,110188,80.35529367151379
Software Engineer,59,Other,Master,5,162641,389290,226649,139.35539009228916
DevOps Engineer,24,Female,Master,1,139422,337402,197980,142.00054510765875
DevOps Engineer,49,Male,Bachelor,5,119449,234974,115525,96.71491598925064
Data Engineer,57,Other,High School,22,124088,223404,99316,80.0367481142415
Designer,50,Other,PhD,27,156728,265187,108459,69.20205706702058
DevOps Engineer,28,Other,High School,1,102574,193360,90786,88.50780899643185
Product Manager,61,Other,Master,20,157235,321363,164128,104.38388399529366
Designer,58,Other,Master,13,115058,179710,64652,56.190790731631004
Product Manager,24,Male,PhD,2,148557,373317,224760,151.2954623477857
Business Analyst,46,Other,Master,21,130092,220118,90026,69.2017956523076
Data Engineer,59,Female,PhD,17,192753,482891,290138,150.5232084584935
Business Analyst,58,Other,Bachelor,3,77822,118278,40456,51.98529978669271
Data Scientist,28,Male,Master,6,159033,384861,225828,142.00071683235555
Data Scientist,58,Other,Master,33,195115,420459,225344,115.49291443507674
Product Manager,50,Female,Master,11,161411,342074,180663,111.92731598218214
Project Manager,63,Female,Master,1,86628,150802,64174,74.07997414230965
Software Engineer,63,Other,Master,27,210620,504130,293510,139.35523691957079
DevOps Engineer,28,Male,High School,6,106964,201636,94672,88.50828316068959
Product Manager,31,Male,PhD,3,137556,318985,181429,131.894646543953
Product Manager,45,Female,Bachelor,17,146610,275207,128597,87.71366209671919
Data Scientist,25,Male,Master,0,133803,323804,190001,142.0005530518748
Project Manager,25,Other,Bachelor,3,93580,159848,66268,70.81427655481941
Consultant,32,Female,PhD,10,164808,359116,194308,117.89961652346975
Project Manager,25,Other,High School,0,75784,119676,43892,57.91723846722263
Software Engineer,50,Female,High School,4,122751,236994,114243,93.06889556907888
DevOps Engineer,37,Other,PhD,4,175824,433746,257922,146.6932841932842
Product Manager,43,Male,Bachelor,4,102159,191766,89607,87.71327049011835
Data Scientist,22,Female,Bachelor,0,127706,268144,140438,109.96977432540366
Software Engineer,28,Female,Master,2,153254,418207,264953,172.88488391820115
Designer,29,Other,Master,5,135013,225857,90844,67.28537251968329
Software Engineer,57,Female,Bachelor,34,166287,345924,179637,108.02828844106875
Data Scientist,48,Other,PhD,15,190315,469494,279179,146.69311404776292
Business Analyst,33,Female,PhD,0,94997,171332,76335,80.3551691106035
Data Engineer,47,Other,PhD,13,208481,546922,338441,162.3366158067162
Product Manager,59,Male,PhD,3,135190,301080,165890,122.7087802352245
Software Engineer,24,Other,High School,0,104075,214103,110028,105.71991352390104
Product Manager,37,Other,High School,11,118117,202239,84122,71.21921484629647
Designer,32,Male,PhD,5,120847,204475,83628,69.20155237614505
Data Scientist,59,Female,High School,11,103408,179205,75797,73.29897106606839
Business Analyst,61,Other,High School,26,84527,120783,36256,42.892803482910786
Data Scientist,47,Female,High School,20,140084,249688,109604,78.2416264526998
Designer,57,Female,PhD,18,159955,263793,103838,64.91700790847426
Data Scientist,58,Male,High School,8,111881,193889,82008,73.29930908733387
Business Analyst,63,Female,Master,18,112444,185439,72995,64.9167585642631
Project Manager,58,Female,High School,8,78236,116226,37990,48.55820849736694
Product Manager,46,Female,PhD,12,193025,447614,254589,131.89431420800415
Data Scientist,54,Other,High School,13,100961,174965,74004,73.29959093115164
Business Analyst,36,Female,High School,12,75357,109683,34326,45.551176400334406
Product Manager,36,Female,Bachelor,14,130755,245445,114690,87.71366295743948
Data Scientist,36,Other,PhD,12,170479,420560,250081,146.6931410906915
Data Scientist,30,Other,PhD,5,166465,410658,244193,146.69329889165888
Software Engineer,60,Other,Bachelor,7,137344,285714,148370,108.02801724137932
DevOps Engineer,45,Other,PhD,8,187755,463179,275424,146.69329711592235
Software Engineer,35,Female,Bachelor,6,135889,293374,157485,115.89238275357093
Product Manager,53,Male,Master,29,174463,356574,182111,104.38373752600837
Software Engineer,55,Female,Bachelor,19,173922,361807,187885,108.02831154195557
Designer,42,Female,Master,14,138162,220801,82639,59.81311793401949
Software Engineer,26,Other,PhD,2,193916,595851,401935,207.27273664885826
Designer,31,Other,High School,2,82031,114599,32568,39.70206385390889
Data Scientist,25,Other,PhD,2,155219,417290,262071,168.83951062692066
Designer,48,Female,Master,4,112958,180521,67563,59.812496680182015
Data Engineer,40,Other,Master,5,159266,377040,217774,136.73602652166815
Designer,56,Other,Bachelor,27,112078,162739,50661,45.20155605917308
Project Manager,37,Female,PhD,8,119064,228801,109737,92.16639790364846
Consultant,31,Male,Bachelor,5,114155,204434,90279,79.08457798607157
DevOps Engineer,40,Female,High School,0,95268,169807,74539,78.24138220598732
Data Scientist,37,Other,PhD,1,157947,389644,231697,146.6928779907184
Data Scientist,44,Female,PhD,6,182218,449519,267301,146.69297215423285
DevOps Engineer,37,Male,PhD,10,188646,465377,276731,146.69327735547003
Software Engineer,48,Female,Bachelor,6,146635,316573,169938,115.8918402836976
DevOps Engineer,33,Other,PhD,4,174919,431513,256594,146.6930407788748
Business Analyst,45,Male,High School,6,66297,96496,30199,45.551080742718376
Designer,36,Other,Bachelor,8,94891,140461,45570,48.023521724926496
Software Engineer,51,Other,High School,8,110224,206129,95905,87.00918130352736
Consultant,45,Other,High School,6,97947,161071,63124,64.44709894126416
DevOps Engineer,57,Female,High School,25,118761,205812,87051,73.29931543183368
Product Manager,64,Other,PhD,27,184990,411989,226999,122.70879507000379
Data Engineer,37,Female,High School,7,111877,207556,95679,85.52159961386165
Product Manager,52,Female,High School,27,122030,203533,81503,66.78931410308941
Designer,53,Other,Master,7,115177,179896,64719,56.1909061705028
Consultant,48,Other,Master,21,151678,303997,152319,100.4226057833041
Consultant,23,Female,PhD,0,153368,360091,206723,134.78887381983205
Business Analyst,34,Male,Master,6,103507,175136,71629,69.20208295091153
Consultant,58,Female,High School,7,87669,140709,53040,60.50029086678301
Data Scientist,62,Other,Master,35,197206,424965,227759,115.49293632039593
DevOps Engineer,64,Male,Bachelor,40,159742,304107,144365,90.3738528377008
Product Manager,48,Male,Bachelor,13,129165,242460,113295,87.71338985019162
Project Manager,59,Female,High School,27,88449,131398,42949,48.557926036473
Project Manager,24,Female,Bachelor,2,85612,146237,60625,70.81367098070363
Business Analyst,42,Male,High School,8,67673,98499,30826,45.551401592954356
Software Engineer,30,Male,PhD,7,188043,524390,336347,178.86706763878476
Business Analyst,59,Other,High School,4,63836,91217,27381,42.89272510808948
Software Engineer,51,Male,PhD,2,164682,437346,272664,165.57000765110942
Project Manager,60,Other,Bachelor,20,109595,174313,64718,59.05196404945481
Data Scientist,23,Other,PhD,1,183186,492477,309291,168.8398676754774
DevOps Engineer,38,Male,Master,0,124868,279733,154865,124.02296825447672
Consultant,51,Male,PhD,28,160994,337882,176888,109.87241760562505
Business Analyst,28,Other,PhD,4,129351,247002,117651,90.95484379711019
DevOps Engineer,54,Other,Bachelor,31,138782,264205,125423,90.37411191653096
Product Manager,57,Other,Master,7,137407,280838,143431,104.3840561252338
Data Scientist,59,Male,High School,21,112636,195197,82561,73.29894527504528
Business Analyst,22,Female,Bachelor,0,76602,124183,47581,62.114566199315945
Designer,38,Female,High School,3,84289,117754,33465,39.702689556169844
Consultant,28,Male,PhD,1,153077,359407,206330,134.78837447820376
Software Engineer,52,Female,PhD,11,201818,535969,334151,165.5704644778959
Data Scientist,28,Other,PhD,4,176417,474279,297862,168.8397376670049
Product Manager,56,Male,PhD,29,182042,405424,223382,122.70904516540139
Project Manager,31,Other,Master,1,94828,169822,74994,79.08423672333066
DevOps Engineer,64,Female,Bachelor,21,161861,308141,146280,90.37383928185295
DevOps Engineer,38,Other,High School,11,114754,204539,89785,78.24128134966973
Data Engineer,35,Male,High School,9,121913,226175,104262,85.52164248275409
Software Engineer,63,Other,Bachelor,3,124943,259916,134973,108.02766061323963
Project Manager,54,Male,High School,14,84316,125259,40943,48.55899236206651
Consultant,28,Male,Master,4,141122,302422,161300,114.29826674792022
Business Analyst,29,Male,PhD,5,126109,240811,114702,90.95465034216433
DevOps Engineer,28,Other,PhD,3,173905,467526,293621,168.83988384462782
Data Scientist,22,Female,High School,0,95273,179597,84324,88.50776190526172
Product Manager,54,Other,Master,8,125644,256796,131152,104.3838145872465
Data Engineer,37,Female,Master,7,169225,400617,231392,136.73629782833504
Data Engineer,53,Other,Master,3,148775,337931,189156,127.14232902033271
Software Engineer,34,Male,High School,2,103977,200747,96770,93.06865941506295
Consultant,22,Other,High School,0,97272,167895,70623,72.60362694300518
DevOps Engineer,26,Male,Master,4,166255,402338,236083,142.00054133710265
Data Scientist,53,Male,Master,25,191798,413311,221513,115.49286228219273
Consultant,53,Male,Master,19,141452,274124,132672,93.79294743093062
Data Scientist,49,Male,High School,27,138358,246611,108253,78.24122927477993
Data Scientist,22,Female,High School,0,101020,190431,89411,88.5082161948129
Product Manager,47,Male,Bachelor,14,145543,273204,127661,87.71359666902565
Data Engineer,53,Other,Master,26,192403,437028,244625,127.14198843053384
Designer,39,Male,Bachelor,13,103960,153886,49926,48.024240092343206
Business Analyst,23,Male,Bachelor,1,80954,131238,50284,62.114287126022184
Software Engineer,52,Female,PhD,1,165918,440629,274711,165.5703419761569
Designer,48,Male,PhD,16,142995,241950,98955,69.20172033987203
Data Engineer,56,Female,High School,14,127010,228665,101655,80.03700496023936
Project Manager,34,Male,PhD,10,140620,270225,129605,92.16683259849239
Project Manager,65,Other,Master,31,120461,209698,89237,74.07957762263305
Data Scientist,37,Other,High School,2,89392,159333,69941,78.24078217290138
Consultant,58,Other,Bachelor,9,115571,201186,85615,74.0800027688607
Project Manager,40,Other,Bachelor,10,105577,171973,66396,62.88869734885439
Business Analyst,39,Female,Master,11,110419,186831,76412,69.201858375823
Data Engineer,25,Other,Bachelor,0,130332,287958,157626,120.94190221894854
Designer,59,Other,High School,35,97959,134618,36659,37.422799334415416
Software Engineer,47,Other,Bachelor,15,146195,315624,169429,115.89247238277642
Consultant,25,Female,Master,1,136320,292131,155811,114.29797535211267
Designer,26,Male,PhD,1,141056,251183,110127,78.0732475045372
Software Engineer,41,Female,Bachelor,19,158542,342280,183738,115.89231875465175
Data Scientist,33,Male,PhD,9,182901,451204,268303,146.6930197210513
Product Manager,46,Female,Master,7,134395,284820,150425,111.92752706573906
Project Manager,36,Female,PhD,13,145435,279478,134043,92.16694743356139
Data Scientist,26,Other,PhD,2,163765,440265,276500,168.83949561872197
Consultant,23,Male,Bachelor,0,108541,205667,97126,89.48323674924683
Business Analyst,29,Male,Master,7,112998,201219,88221,78.07306324005735
Product Manager,34,Male,Master,10,147629,312866,165237,111.92719587614899
DevOps Engineer,24,Other,Master,2,138274,334624,196350,142.00066534561813
Data Scientist,45,Other,Bachelor,7,117192,230534,113342,96.71479281862243
Data Scientist,63,Male,Bachelor,40,146189,278306,132117,90.37410475480371
Software Engineer,32,Female,PhD,2,161060,449143,288083,178.8668819073637
Project Manager,37,Female,High School,4,77192,117039,39847,51.62063426261789
Business Analyst,60,Male,Bachelor,34,103821,157792,53971,51.984665915373576
Product Manager,50,Other,High School,25,117834,201754,83920,71.21883327392773
Software Engineer,35,Female,Master,12,167689,419382,251693,150.09511655505133
Data Scientist,40,Other,Master,16,188192,421593,233401,124.02280649549395
DevOps Engineer,32,Female,Bachelor,2,128139,252068,123929,96.71450534185533
Designer,45,Other,Bachelor,2,94818,140353,45535,48.02358202029151
Project Manager,50,Male,PhD,22,160782,308969,148187,92.1664116629971
DevOps Engineer,27,Male,Bachelor,0,111922,235002,123080,109.96944300494988
Designer,55,Female,Bachelor,18,105473,153149,47676,45.202089634314
DevOps Engineer,59,Male,Bachelor,14,125812,239513,113701,90.37373223539885
Consultant,27,Female,High School,5,95896,165520,69624,72.603653958455
DevOps Engineer,54,Female,High School,0,92711,160667,67956,73.29874556417253
Software Engineer,39,Female,PhD,2,183383,511395,328012,178.8671796186124
DevOps Engineer,25,Other,High School,0,93444,176149,82705,88.50755532725483
Consultant,51,Female,Master,14,155051,300478,145427,93.7930100418572
Project Manager,51,Other,Master,17,126726,220605,93879,74.08029922825624
Data Engineer,28,Female,Bachelor,3,137864,304600,166736,120.94237799570591
DevOps Engineer,35,Male,Bachelor,6,131312,258310,126998,96.71469477275497
Product Manager,33,Other,Bachelor,1,106188,199329,93141,87.71330093795909
DevOps Engineer,57,Male,PhD,6,171157,404355,233198,136.24800621651468
Product Manager,53,Female,Bachelor,20,137576,250475,112899,82.06300517532128
Data Engineer,41,Other,Bachelor,9,125562,258787,133225,106.10296108695306
Project Manager,64,Other,PhD,30,147811,275190,127379,86.17694217615738
Consultant,56,Other,Bachelor,16,123702,215340,91638,74.07964301304747
Product Manager,34,Other,High School,11,107869,184692,76823,71.21879316578442
Project Manager,44,Female,PhD,9,135425,260242,124817,92.16688203802843
Consultant,25,Male,Master,2,121499,260370,138871,114.298060066338
Product Manager,38,Male,PhD,11,166398,385868,219470,131.89461411795816
Data Engineer,42,Male,Bachelor,1,128446,264731,136285,106.10295377045607
Product Manager,31,Other,Master,1,126861,268853,141992,111.92722743790449
Designer,23,Female,Master,0,123851,207184,83333,67.28488264123827
Business Analyst,44,Female,PhD,13,142839,257618,114779,80.35550514915394
Project Manager,23,Female,Master,0,109630,207731,98101,89.4837179604123
Data Engineer,53,Male,High School,29,128156,230728,102572,80.03683011329942
Data Engineer,51,Female,High School,16,128720,231744,103024,80.03729024238658
Project Manager,60,Other,PhD,30,137335,255686,118351,86.17686678559726
Consultant,40,Female,Bachelor,2,105727,189340,83613,79.08386694032745
Product Manager,48,Other,Master,4,131794,279307,147513,111.92694659847943
Consultant,38,Female,High School,10,93662,154024,60362,64.44662723409708
Product Manager,30,Female,PhD,5,159938,370887,210949,131.89423401568106
Product Manager,26,Other,PhD,4,181775,456793,275018,151.29583276028055
Product Manager,44,Other,Bachelor,2,117024,219670,102646,87.71363139185124
Data Scientist,58,Female,Bachelor,29,138651,263956,125305,90.37439326077707
Project Manager,54,Male,PhD,13,123102,229187,106085,86.17650403730241
Product Manager,25,Female,Bachelor,0,111559,222549,110990,99.48995598741473
Data Engineer,32,Female,High School,4,101915,189074,87159,85.5212677231026
Project Manager,28,Other,Master,6,129879,246099,116220,89.4832882914097
Data Scientist,58,Male,High School,27,120460,208756,88296,73.29902042171675
Data Scientist,40,Female,High School,5,110352,196693,86341,78.24144555603885
Business Analyst,48,Other,Master,18,113663,192320,78657,69.20193906548306
Consultant,23,Male,Master,0,136805,293171,156366,114.29845400387413
DevOps Engineer,49,Female,Master,6,162951,365047,202096,124.02255892875773
Product Manager,63,Other,High School,7,93971,156734,62763,66.7897542858967
Product Manager,31,Other,Master,6,129333,274092,144759,111.9273503282225
Consultant,32,Female,PhD,0,123254,268570,145316,117.89962191896409
Project Manager,59,Other,Bachelor,20,97100,154439,57339,59.05149330587024
Consultant,55,Other,Master,17,145172,281333,136161,93.7928801697297
Designer,36,Other,Bachelor,13,117434,173831,56397,48.02442222865609
Data Scientist,56,Female,Master,12,163703,352768,189065,115.49269103192978
DevOps Engineer,35,Male,Bachelor,8,137637,270752,133115,96.71454623393419
Business Analyst,49,Male,PhD,2,99343,179170,79827,80.35493190260009
Data Engineer,28,Female,Master,0,164243,422147,257904,157.02587020451404
Project Manager,33,Female,Bachelor,2,79447,129410,49963,62.88846652485305
Designer,40,Other,Master,8,115073,183901,68828,59.812466868857165
Software Engineer,57,Female,High School,28,140571,262881,122310,87.0094116140598
Data Scientist,46,Male,PhD,10,186519,460130,273611,146.69336635945936
Data Engineer,25,Other,High School,0,105420,207619,102199,96.9446025422121
Product Manager,48,Male,Bachelor,4,119165,223689,104524,87.71367431712332
Software Engineer,64,Female,Master,25,211094,505265,294171,139.35545302092908
Designer,59,Male,Bachelor,26,117212,170194,52982,45.20185646520834
Data Engineer,25,Other,Master,0,145106,372960,227854,157.02589830882252
DevOps Engineer,42,Other,PhD,11,167959,414343,246384,146.6929429205937
Business Analyst,54,Other,Master,8,101278,167025,65747,64.9173561879184
Software Engineer,33,Male,Master,8,179641,449273,269632,150.09491151797195
Project Manager,52,Male,Master,12,117415,204396,86981,74.07997274624196
Designer,31,Male,Bachelor,2,89322,132218,42896,48.024003045162445
Business Analyst,65,Male,High School,35,86870,124131,37261,42.8928283642224
Data Scientist,29,Other,Master,6,151846,367468,215622,142.00044782213558
Software Engineer,65,Female,Master,3,146194,349923,203729,139.3552402971394
Consultant,52,Female,PhD,14,153572,322305,168733,109.87224233584247
Consultant,59,Other,Bachelor,36,145559,253389,107830,74.07992635288784
Software Engineer,48,Male,High School,22,131102,253117,122015,93.06875562539092
Software Engineer,24,Male,Bachelor,2,131890,306549,174659,132.42778072636287
Designer,23,Female,PhD,1,140201,249661,109460,78.07362287002233
Business Analyst,43,Other,PhD,16,137332,247686,110354,80.35563452072351
Data Engineer,54,Male,PhD,9,179657,450082,270425,150.52294093745303
Data Engineer,62,Male,Master,22,193790,440179,246389,127.14226740285876
Designer,56,Male,Bachelor,24,110712,160756,50044,45.201965459932076
Business Analyst,38,Female,Bachelor,1,75540,117311,41771,55.29653163886683
Designer,29,Male,PhD,1,121509,216375,94866,78.07322914352022
Project Manager,45,Female,Master,5,112542,201545,89003,79.08425298999484
Consultant,62,Other,High School,1,81564,130910,49346,60.49973027315973
Data Engineer,43,Female,PhD,13,182001,477455,295454,162.33647067873252
Software Engineer,23,Female,High School,1,111812,230019,118207,105.71942188673846
Software Engineer,62,Female,Master,21,186665,446793,260128,139.35552996008894
Consultant,25,Other,High School,2,83944,144890,60946,72.60316401410464
DevOps Engineer,48,Female,PhD,26,229736,566743,337007,146.69316084549223
Data Engineer,29,Male,High School,6,118934,234234,115300,96.94452385356584
Data Engineer,49,Female,PhD,17,231290,606758,375468,162.33646072030783
Product Manager,22,Male,PhD,0,143685,361074,217389,151.295542332185
Data Scientist,40,Female,Bachelor,4,125837,247540,121703,96.71479771450369
Business Analyst,34,Male,Bachelor,10,86147,133783,47636,55.29617978571512
Software Engineer,28,Male,High School,6,121464,249875,128411,105.71939010735692
Project Manager,50,Female,Bachelor,15,101618,165525,63907,62.88944871971501
Business Analyst,55,Female,PhD,3,95055,166590,71535,75.25643048761243
Designer,56,Other,Bachelor,0,87959,127718,39759,45.201741720574354
Software Engineer,56,Female,High School,22,134020,250630,116610,87.00940158185345
Consultant,47,Female,Bachelor,24,146639,262608,115969,79.08469097579771
Consultant,28,Female,Bachelor,2,106422,201652,95230,89.48337749713406
Project Manager,45,Female,Master,19,137505,246250,108745,79.08439693102069
Project Manager,45,Other,Master,7,106317,190397,84080,79.08424805064101
DevOps Engineer,47,Other,High School,19,119568,213120,93552,78.24167001204336
Product Manager,50,Male,Master,14,147431,312447,165016,111.92761359551248
Business Analyst,50,Male,PhD,18,125302,225989,100687,80.35546120572697
Product Manager,54,Female,Bachelor,24,132190,240669,108479,82.06293970799607
Project Manager,26,Male,PhD,4,136122,278600,142478,104.66934073845522
Software Engineer,33,Female,High School,2,111490,215252,103762,93.06843663108799
Data Scientist,36,Other,Bachelor,9,129636,255013,125377,96.7146471659107
Data Scientist,37,Male,High School,7,104176,185685,81509,78.24162954999233
Data Engineer,65,Other,Bachelor,10,143680,285959,142279,99.02491648106904
Designer,39,Other,High School,9,92274,128909,36635,39.70240804560331
Designer,54,Other,Bachelor,20,107899,156671,48772,45.20153106145562
Data Scientist,64,Female,High School,30,134200,232568,98368,73.29955290611029
Designer,54,Male,Master,30,130658,204075,73417,56.19020649328782
Data Scientist,24,Other,Master,1,133979,324230,190251,142.00061203621465
Project Manager,43,Female,Master,4,114467,204992,90525,79.08392811902121
Data Scientist,24,Female,PhD,0,167666,450753,283087,168.83983634129757
Consultant,58,Male,High School,22,108814,174647,65833,60.500487069678535
Product Manager,55,Other,PhD,32,215676,480330,264654,122.70906359539309
Data Engineer,59,Other,PhD,11,167211,418902,251691,150.5229919084271
Project Manager,36,Male,Master,2,107395,192328,84933,79.08468736905814
Data Engineer,42,Other,Master,19,183183,433660,250477,136.73594165397444
Data Engineer,65,Female,Master,26,200959,456463,255504,127.1423524201454
Business Analyst,41,Female,Bachelor,7,93529,145247,51718,55.29621828523773
Data Scientist,60,Female,Bachelor,35,154828,294752,139924,90.37383419019815
Software Engineer,40,Female,Bachelor,8,155907,336591,180684,115.89216648386538
Product Manager,44,Male,Master,9,156678,332043,175365,111.92700953548041
Data Engineer,32,Female,Bachelor,3,133720,275601,141881,106.10305115166018
DevOps Engineer,31,Male,Master,5,150131,336328,186197,124.02301989595752
Data Scientist,28,Male,PhD,4,167015,449003,281988,168.83992455767446
Designer,46,Male,High School,21,108091,151006,42915,39.7026579456199
DevOps Engineer,58,Male,High School,11,109961,190562,80601,73.29962441229164
Data Scientist,30,Female,Bachelor,6,114724,225679,110955,96.71472403333216
Data Scientist,63,Male,Master,4,130775,281811,151036,115.4930223666603
DevOps Engineer,34,Other,Master,9,153829,344612,190783,124.02277853980719
DevOps Engineer,64,Other,PhD,18,197779,467249,269470,136.2480344222592
Data Engineer,50,Female,Master,4,149099,352971,203872,136.73599420519253
Data Scientist,48,Male,Master,26,175315,392746,217431,124.02304423466333
Product Manager,41,Male,Bachelor,10,126463,237388,110925,87.71340233902406
DevOps Engineer,46,Other,PhD,4,173628,428328,254700,146.69292971179763
Project Manager,52,Female,Master,10,119301,207679,88378,74.07984845055783
Product Manager,41,Male,Bachelor,7,129215,242554,113339,87.71350075455636
Data Engineer,61,Other,High School,27,134259,241716,107457,80.03709248541998
DevOps Engineer,49,Female,Bachelor,27,149292,293679,144387,96.71449240414758
Designer,52,Male,Bachelor,30,108389,157383,48994,45.20200389338401
Designer,37,Male,Master,13,133613,213531,79918,59.813042144102745
Data Engineer,53,Male,High School,3,103535,186401,82866,80.03670256435022
Software Engineer,52,Other,High School,26,142756,266967,124211,87.00930258623106
Data Scientist,55,Other,High School,0,85992,149023,63031,73.29867894687878
Data Engineer,54,Other,Master,8,143095,325029,181934,127.14210838953144
Project Manager,62,Female,Bachelor,30,120797,192130,71333,59.0519632110069
Business Analyst,22,Male,Bachelor,0,76654,124267,47613,62.11417538549847
Data Engineer,63,Female,Master,5,150017,340752,190735,127.14225721084944
Project Manager,30,Female,Bachelor,4,81330,132477,51147,62.88823312430837
DevOps Engineer,25,Female,Bachelor,1,124677,261784,137107,109.96976186465828
Product Manager,32,Male,Bachelor,3,103151,193628,90477,87.71315837946312
Business Analyst,47,Female,Bachelor,5,81346,126327,44981,55.295896540702685
Designer,27,Other,Master,2,114732,191930,77198,67.2855001220235
Product Manager,44,Female,Bachelor,22,156562,293888,137326,87.71349369578824
Designer,52,Female,High School,5,78026,107225,29199,37.422141337502886
DevOps Engineer,46,Female,PhD,9,167254,412604,245350,146.69305367883578
Business Analyst,64,Other,PhD,2,96886,169799,72913,75.2564870053465
Designer,41,Female,PhD,13,158774,268649,109875,69.20213636993462
DevOps Engineer,33,Male,Master,4,138257,309727,171470,124.02265346420074
Software Engineer,31,Female,Master,3,168729,421983,253254,150.09512294863362
Consultant,24,Female,PhD,2,141382,331949,190567,134.78872840955708
DevOps Engineer,45,Female,PhD,18,193980,478535,284555,146.69295803691102
Project Manager,60,Female,Bachelor,17,101923,162111,60188,59.05242192635617
Data Scientist,33,Female,High School,7,109847,195793,85946,78.24155416169764
Project Manager,37,Male,Master,1,88273,158083,69810,79.0842046831987
Consultant,34,Male,High School,9,92105,151464,59359,64.44709842028121
Data Engineer,41,Female,High School,3,112744,209165,96421,85.52206769318101
Data Scientist,40,Other,Master,7,141600,317216,175616,124.02259887005648
Data Scientist,22,Male,PhD,0,149992,403238,253246,168.83967144914396
DevOps Engineer,37,Female,Master,0,144322,323314,178992,124.02267152617064
DevOps Engineer,23,Other,Master,1,160514,388445,227931,142.00069775845097
Consultant,46,Male,Bachelor,18,130329,233399,103070,79.08447083918391
Designer,39,Female,High School,7,87919,122825,34906,39.70245339460185
Software Engineer,58,Female,PhD,3,162543,431666,269123,165.57034138658693
Designer,25,Female,High School,1,85422,123319,37897,44.36444943925452
Software Engineer,56,Other,PhD,9,192166,510336,318170,165.57039226502087
Project Manager,55,Other,High School,31,91765,136325,44560,48.558818721734866
Designer,33,Female,PhD,11,135072,228544,93472,69.20161099265577
Designer,44,Female,PhD,13,154045,260647,106602,69.20185660034406
Designer,65,Male,Master,16,130540,203891,73351,56.19043971196568
DevOps Engineer,33,Male,Bachelor,0,100419,197539,97120,96.71476513408817
Data Engineer,44,Female,High School,12,116367,215886,99519,85.5216685142695
Consultant,30,Male,Bachelor,8,106068,189951,83883,79.0841724176943
Consultant,40,Other,Master,10,150364,301364,151000,100.42297358410256
Consultant,36,Other,Master,13,132864,266290,133426,100.42298892100192
Project Manager,29,Male,Master,5,111250,210800,99550,89.48314606741573
Product Manager,57,Female,PhD,33,185373,412842,227469,122.7088087261899
Software Engineer,58,Female,Master,10,160375,383866,223491,139.35526110678097
Data Engineer,38,Male,Bachelor,7,133458,275061,141603,106.10304365418335
Data Engineer,36,Other,PhD,7,183493,481369,297876,162.3364379022633
Software Engineer,39,Other,Bachelor,11,148214,319982,171768,115.89188605664782
Product Manager,33,Other,Master,3,129638,274738,145100,111.92705842422745
Consultant,52,Female,Master,19,155248,300860,145612,93.79315675564258
Data Engineer,65,Other,Master,40,200132,454584,254452,127.14208622309275
DevOps Engineer,22,Male,PhD,0,166842,448538,281696,168.8399803406816
Data Engineer,52,Male,PhD,8,180765,452858,272093,150.52305479489945
Designer,52,Male,Bachelor,19,122129,177334,55205,45.20220422667835
Data Engineer,53,Male,Bachelor,26,168258,334876,166618,99.02530637473403
Consultant,54,Male,High School,10,92338,148203,55865,60.50055231865537
Business Analyst,40,Female,Master,17,127478,215695,88217,69.20174461475706
Product Manager,48,Male,PhD,24,201077,466287,265210,131.8947467885437
Designer,38,Female,PhD,15,165038,279247,114209,69.20163841054787
Data Scientist,56,Other,Master,23,160283,345398,185115,115.49259746822807
Data Engineer,35,Female,Bachelor,4,123243,254007,130764,106.1025778340352
Data Scientist,23,Female,Bachelor,1,123323,258941,135618,109.96975422265109
Software Engineer,57,Male,High School,29,143018,267457,124439,87.0093274972381
Data Scientist,31,Other,PhD,8,162101,399892,237791,146.69311108506423
Software Engineer,56,Other,PhD,10,178941,475214,296273,165.57021588121222
Product Manager,32,Other,High School,8,105611,180826,75215,71.21890712141727
Consultant,63,Male,PhD,27,187697,393924,206227,109.87229417625215
DevOps Engineer,47,Other,High School,21,121359,216312,94953,78.24141596420537
Data Engineer,60,Other,Bachelor,14,135085,268853,133768,99.02505829662805
Data Engineer,50,Female,Bachelor,24,156847,323266,166419,106.10276256479243
Consultant,58,Female,Master,13,130060,252047,121987,93.79286483161617
Data Scientist,40,Male,High School,8,109285,194791,85506,78.2412956947431
Designer,56,Male,PhD,4,128922,212614,83692,64.91677138114518
Consultant,25,Female,High School,1,84608,146036,61428,72.60306354009077
Software Engineer,32,Female,PhD,6,188629,526024,337395,178.86698227738046
Software Engineer,38,Male,Bachelor,9,134375,290105,155730,115.89209302325581
Consultant,62,Female,PhD,3,136137,285714,149577,109.8724079419996
Product Manager,57,Other,PhD,21,201694,449190,247496,122.70865766953901
DevOps Engineer,49,Male,PhD,19,219073,540438,321365,146.69311142861054
DevOps Engineer,62,Other,PhD,3,151519,357960,206441,136.2475993109775
Consultant,53,Other,Master,6,117150,227028,109878,93.79257362355953
Data Scientist,34,Female,High School,6,105714,188426,82712,78.2412925440339
Data Engineer,56,Male,Bachelor,12,133725,266146,132421,99.02486446064685
Product Manager,29,Male,Bachelor,7,126651,252656,126005,99.48993691324979
Data Engineer,44,Other,High School,3,102942,190980,88038,85.5219443958734
DevOps Engineer,63,Other,Bachelor,38,140278,267053,126775,90.3741142588289
Designer,43,Female,PhD,1,120433,203775,83342,69.20196291714065
Business Analyst,31,Other,High School,3,73486,106960,33474,45.551533625452464
Designer,30,Female,PhD,6,126403,213876,87473,69.20168033986536
Designer,45,Male,Bachelor,7,105753,156540,50787,48.02416952710561
Consultant,46,Other,Bachelor,13,112189,200913,88724,79.08440221412081
Consultant,53,Male,High School,16,102473,164469,61996,60.49983898197574
Consultant,58,Male,High School,17,95847,153835,57988,60.500589481152254
Designer,57,Male,Master,8,109639,171246,61607,56.19077153202784
DevOps Engineer,24,Other,Bachelor,1,116889,245431,128542,109.96928710143811
Project Manager,53,Male,Master,10,108922,189611,80689,74.07961660637888
Data Engineer,47,Male,Master,13,170552,403758,233206,136.73601013180732
Product Manager,49,Male,PhD,6,146758,340324,193566,131.8946837651099
Consultant,36,Female,PhD,6,136815,298119,161304,117.89935314110296
Product Manager,64,Male,High School,34,117626,196188,78562,66.78965534830735
Designer,60,Male,Master,35,133511,208532,75021,56.19087565818547
Consultant,39,Female,PhD,2,132449,288606,156157,117.8997198921849
Project Manager,58,Other,Master,33,130250,226739,96489,74.07984644913628
Designer,39,Other,Master,5,113058,180681,67623,59.81266252719843
Software Engineer,39,Male,PhD,15,222787,621280,398493,178.86725886160323
Designer,51,Female,High School,13,85842,117966,32124,37.42224086111693
Designer,25,Male,Bachelor,1,87444,134503,47059,53.81615662595489
Project Manager,31,Other,High School,3,77347,117274,39927,51.62061876995876
DevOps Engineer,30,Female,Bachelor,7,140530,276443,135913,96.71458051661567
Software Engineer,61,Other,Bachelor,26,157860,328393,170533,108.02799949322184
Data Scientist,31,Male,Master,4,137570,308188,170618,124.02267936323325
Data Scientist,33,Female,High School,4,98813,176126,77313,78.24172932711284
Designer,57,Female,Bachelor,11,93160,135270,42110,45.201803349076854
Data Scientist,25,Male,PhD,2,175541,471924,296383,168.8397582331193
DevOps Engineer,34,Other,Master,1,145914,326881,180967,124.02305467604205
DevOps Engineer,61,Other,PhD,32,223605,528262,304657,136.24784776726818
Data Scientist,55,Male,PhD,13,163636,386587,222951,136.24813610696913
Software Engineer,30,Female,Master,0,151572,379074,227502,150.09500435436624
Data Scientist,55,Male,Master,18,164573,354643,190070,115.49282081507903
DevOps Engineer,53,Other,High School,12,104638,181337,76699,73.29937498805405
Consultant,22,Female,PhD,0,154892,363669,208777,134.78875603646412
Product Manager,43,Male,PhD,11,156159,362124,205965,131.89441530747507
DevOps Engineer,22,Male,Master,0,137769,333402,195633,142.00074036974937
Designer,37,Other,Bachelor,13,116664,172691,56027,48.024240554069806
Consultant,62,Other,Master,13,144226,279500,135274,93.79307475767199
Project Manager,48,Other,Master,13,119940,214794,94854,79.08454227113558
Product Manager,63,Male,Master,6,140770,287711,146941,104.38374653690417
Project Manager,32,Male,High School,3,68091,103240,35149,51.62062533961904
Designer,65,Female,PhD,28,154427,254677,100250,64.91740433991465
DevOps Engineer,54,Other,Bachelor,14,128454,244543,116089,90.3739860183412
Designer,46,Male,PhD,4,128004,216585,88581,69.2017436955095
Data Engineer,37,Male,Bachelor,13,154451,318328,163877,106.10290642339642
Software Engineer,26,Other,Master,2,166857,455328,288471,172.8851651414085
Business Analyst,24,Female,High School,1,76392,115355,38963,51.00403183579433
Project Manager,51,Female,Bachelor,5,93693,149020,55327,59.0513698995656
Software Engineer,31,Male,Master,8,152721,381948,229227,150.09527177009056
Software Engineer,33,Female,Master,1,155678,389343,233665,150.09506802502602
Consultant,43,Male,High School,11,94221,154944,60723,64.44741618110612
Product Manager,52,Female,PhD,0,149069,331990,182921,122.708946863533
Business Analyst,33,Other,Master,7,110334,186687,76353,69.2016966664854
Data Engineer,63,Male,PhD,31,205754,515462,309708,150.52344061354822
Project Manager,63,Male,Master,4,96879,168647,71768,74.08003798552834
Consultant,49,Other,High School,8,98715,162334,63619,64.4471458238363
Designer,61,Female,Bachelor,33,114365,166060,51695,45.201766274646964
Data Scientist,55,Female,High School,27,117878,204282,86404,73.29951305587133
Product Manager,38,Female,Master,10,157060,332853,175793,111.92728893416528
DevOps Engineer,31,Female,Master,6,160200,358885,198685,124.02309612983771
DevOps Engineer,58,Male,Bachelor,18,154828,294752,139924,90.37383419019815
Project Manager,58,Male,Master,26,124043,215934,91891,74.0799561442403
Consultant,38,Female,Bachelor,5,106195,190179,83984,79.08470266961722
Designer,27,Male,PhD,3,139502,248416,108914,78.07343263895858
Software Engineer,44,Other,High School,11,134340,259368,125028,93.06833407771326
Designer,64,Other,High School,40,106865,146857,39992,37.422916764141675
Product Manager,28,Male,Bachelor,2,126782,252917,126135,99.48967519048445
Data Scientist,26,Male,PhD,0,154900,416433,261533,168.83989670755327
Project Manager,32,Female,High School,0,75962,115174,39212,51.62054711566309
Data Engineer,63,Female,PhD,36,238596,597739,359143,150.5234790189274
Business Analyst,43,Male,Master,8,98511,166682,68171,69.20140897970785
Business Analyst,23,Other,Master,0,100009,178089,78080,78.07297343239108
Designer,44,Other,PhD,15,147328,249282,101954,69.2020525629887
DevOps Engineer,46,Female,PhD,21,218622,539326,320704,146.6933794403125
Software Engineer,46,Other,PhD,4,162113,452080,289967,178.86720990913744
Project Manager,53,Male,PhD,3,114749,213636,98887,86.17678585434295
Product Manager,38,Male,PhD,8,155774,361231,205457,131.89428274294812
Designer,58,Female,Master,23,151737,236999,85262,56.19064565662957
Data Engineer,28,Male,High School,3,113199,222939,109740,96.94431929610685
Product Manager,45,Male,High School,4,87356,149570,62214,71.21892028023261
Data Engineer,48,Other,High School,11,108701,201664,92963,85.52175232978537
Data Scientist,41,Female,PhD,13,187745,463154,275409,146.69312098857492
Data Engineer,26,Male,Bachelor,2,133157,294200,161043,120.94219605428178
Consultant,26,Female,PhD,0,135652,318495,182843,134.78828177984843
Product Manager,25,Male,Master,0,129758,295551,165793,127.77092741873332
DevOps Engineer,43,Male,Master,6,145213,325310,180097,124.02264260086906
Software Engineer,28,Female,Master,5,189542,517232,327690,172.88516529318042
Data Scientist,41,Other,Bachelor,10,143837,282949,139112,96.71503159826749
Designer,56,Male,Master,2,97334,152026,54692,56.19002609571167
Business Analyst,32,Other,High School,1,66524,96827,30303,45.55198123985328
Project Manager,39,Female,Master,14,116772,209120,92348,79.08402699277224
Software Engineer,40,Female,Bachelor,8,148114,319767,171653,115.89248821853437
Consultant,28,Other,Master,3,137738,295170,157432,114.29816027530528
Software Engineer,23,Other,Master,1,168034,458540,290506,172.8852494138091
Project Manager,22,Female,High School,0,69661,110006,40345,57.91619414019322
Business Analyst,42,Other,Master,14,117134,198193,81059,69.20193965885225
Product Manager,57,Female,High School,8,107665,179574,71909,66.78957878604932
Data Scientist,29,Male,High School,1,97618,184018,86400,88.50826691798643
DevOps Engineer,25,Male,Bachelor,1,128405,269611,141206,109.96923795802344
DevOps Engineer,48,Female,Master,24,183151,410300,227149,124.02280085830817
Data Scientist,29,Other,Master,3,138881,336093,197212,142.00070564008035
Data Scientist,29,Other,High School,6,109983,207327,97344,88.50822399825428
Product Manager,43,Other,High School,20,132663,227145,94482,71.21955631939576
Business Analyst,30,Other,Bachelor,3,80513,125034,44521,55.29666016668116
Data Engineer,34,Female,Master,10,156041,369405,213364,136.73585788350496
Product Manager,62,Male,Bachelor,22,138229,251664,113435,82.06309819213044
Consultant,53,Other,PhD,7,136346,286152,149806,109.87194343801798
Project Manager,25,Male,PhD,2,126283,258463,132180,104.6696705019678
Consultant,51,Other,Master,26,153521,297513,143992,93.7930315722279
Data Scientist,61,Other,Bachelor,9,130965,249323,118358,90.37376398274348
Product Manager,62,Male,High School,13,98494,164277,65783,66.7888399293358
Consultant,45,Female,Bachelor,22,143910,257720,113810,79.08414981585713
Data Scientist,37,Female,Bachelor,12,125513,246903,121390,96.71508130631887
DevOps Engineer,60,Female,Master,8,133870,288480,154610,115.49264211548518
Business Analyst,44,Male,Master,12,121443,205484,84041,69.20201246675394
Data Scientist,25,Female,High School,1,103537,195175,91638,88.50749007601148
Product Manager,37,Male,High School,9,96728,165617,68889,71.21929534364403
Data Engineer,30,Female,High School,5,120186,222971,102785,85.52160817399698
Data Scientist,56,Female,High School,4,97945,169738,71793,73.29930062790342
Data Engineer,65,Female,High School,1,90572,163063,72491,80.03687673894801
Designer,42,Male,Master,20,129974,207715,77741,59.812731777124654
Product Manager,47,Female,Bachelor,10,121022,227174,106152,87.71297780568823
Data Scientist,58,Female,Master,13,172308,371311,199003,115.4926062632031
Product Manager,62,Female,High School,11,113585,189448,75863,66.78962891226836
Software Engineer,24,Other,Bachelor,0,123171,286284,163113,132.42808778040285
Consultant,37,Male,PhD,2,127395,277593,150198,117.8994466030849
Designer,53,Male,Master,2,98989,154611,55622,56.190081726252416
Data Scientist,37,Female,PhD,7,181404,447511,266107,146.69301669202443
DevOps Engineer,26,Female,High School,3,101070,190525,89455,88.5079647768873
Business Analyst,23,Other,Bachelor,1,86050,139500,53450,62.1150493898896
Project Manager,39,Female,Bachelor,8,94647,154169,59522,62.88841695986138
DevOps Engineer,35,Female,Master,4,147829,331171,183342,124.02302660506396
DevOps Engineer,42,Other,High School,8,112988,201391,88403,78.24105214713067
Business Analyst,50,Female,PhD,28,148747,268274,119527,80.35590633760681
Software Engineer,62,Female,Master,17,170301,407624,237323,139.35502433925814
Project Manager,35,Male,Master,6,104197,186600,82403,79.08385078265209
Product Manager,35,Female,High School,6,92563,158486,65923,71.2196017847304
Business Analyst,25,Female,Bachelor,3,84699,137310,52611,62.11525519781815
Product Manager,53,Other,High School,30,128761,214760,85999,66.78963350704018
Business Analyst,24,Female,Master,0,103525,184350,80825,78.07292924414394
DevOps Engineer,63,Female,Master,19,170760,367975,197215,115.49250409932068
Designer,63,Female,PhD,24,158800,261888,103088,64.91687657430731
Data Engineer,40,Other,PhD,9,198409,520499,322090,162.33638595023413
Designer,36,Male,High School,7,84774,118431,33657,39.702031283176446
DevOps Engineer,27,Other,Bachelor,5,122016,256196,134180,109.96918436926305
Designer,50,Male,Master,28,140466,224483,84017,59.81305084504436
Data Scientist,30,Male,Master,5,133177,298347,165170,124.02291687003012
Product Manager,42,Female,Bachelor,16,150931,283318,132387,87.71359097865911
Consultant,34,Other,High School,8,100188,164756,64568,64.44683994091108
Business Analyst,29,Male,Bachelor,1,77322,125350,48028,62.11427536794185
DevOps Engineer,42,Male,High School,0,100178,178559,78381,78.24172972109645
Business Analyst,35,Male,PhD,4,118117,213031,94914,80.35591828441291
Project Manager,27,Male,High School,0,67594,106742,39148,57.91638311092701
Software Engineer,52,Male,High School,3,96768,180965,84197,87.00913525132276
Designer,52,Other,High School,28,98542,135419,36877,37.42262182622638
Data Engineer,27,Female,Bachelor,3,131282,290057,158775,120.94194177419601
Consultant,52,Other,Master,3,123524,239381,115857,93.79310903144328
Designer,37,Female,Bachelor,2,97700,144619,46919,48.02354145342886
Business Analyst,49,Female,Master,25,130173,220255,90082,69.20175458812503
Consultant,26,Male,Bachelor,0,104424,197866,93442,89.48326055312955
Data Scientist,39,Male,PhD,14,179917,443843,263926,146.6931974188098
Data Scientist,36,Other,Master,3,126831,284130,157299,124.02251815407905
Data Engineer,34,Other,High School,8,118982,220737,101755,85.52133936225647
Business Analyst,26,Other,High School,1,71492,107956,36464,51.00430817434118
Product Manager,42,Male,Bachelor,10,118765,222938,104173,87.71355197238243
Data Scientist,49,Male,PhD,8,186304,459599,273295,146.69303933356235
Project Manager,55,Male,PhD,18,139724,260134,120410,86.1770347256019
Project Manager,22,Male,High School,0,69398,109591,40193,57.91665465863569
Designer,64,Male,Master,21,148036,231218,83182,56.190386122294576
DevOps Engineer,30,Male,Bachelor,1,118468,233044,114576,96.71472465138265
Data Scientist,54,Female,PhD,29,187925,443969,256044,136.24797126513238
Product Manager,52,Male,Master,23,156846,320568,163722,104.38391798324471
Software Engineer,45,Female,High School,0,112045,216324,104279,93.06885626310857
Consultant,59,Other,Bachelor,14,108405,188711,80306,74.07960887412942
Data Engineer,62,Other,Master,22,170922,388236,217314,127.14220521641451
Product Manager,53,Male,High School,16,104019,173493,69474,66.78972110864362
Project Manager,32,Female,PhD,5,110996,213297,102301,92.16638437421169
Designer,44,Male,Master,9,117819,188290,70471,59.81293339783906
Product Manager,42,Male,Master,0,127114,269389,142275,111.927089069654
Business Analyst,22,Other,Master,0,100736,179384,78648,78.07337992376112
Data Scientist,45,Male,Master,3,148322,332275,183953,124.02273432127397
Consultant,61,Female,Master,38,170360,330146,159786,93.79314393050012
Software Engineer,43,Male,High School,17,149560,288753,139193,93.06833377908532
Data Scientist,60,Male,High School,26,132348,229358,97010,73.2991809471998
Software Engineer,50,Female,PhD,8,182598,509206,326608,178.86723841444046
Project Manager,48,Female,Master,8,116028,207788,91760,79.08435894784017
Business Analyst,58,Other,High School,6,65119,93050,27931,42.892243431256624
Data Scientist,35,Female,Master,1,125068,280181,155113,124.02293152525026
Data Engineer,57,Other,Master,14,165458,375825,210367,127.14223549178642
Project Manager,46,Male,PhD,15,153941,295823,141882,92.16647936547119
Data Scientist,59,Other,Bachelor,17,144188,274497,130309,90.37437234721337
Project Manager,33,Other,Bachelor,11,88943,144878,55935,62.88859156988183
Designer,37,Female,High School,3,84294,117761,33467,39.70270719149643
Project Manager,25,Female,High School,2,86590,136740,50150,57.91661854717635
Business Analyst,58,Male,Bachelor,25,102794,156231,53437,51.9845516275269
Designer,23,Female,PhD,1,126410,225102,98692,78.07293726762123
Business Analyst,42,Male,Master,6,90894,153794,62900,69.20148744691619
Product Manager,34,Male,High School,11,98260,168240,69980,71.21921432933036
DevOps Engineer,24,Female,Master,2,141568,342595,201027,142.00031080470163
Consultant,62,Female,Bachelor,11,115308,200728,85420,74.07985569084539
Consultant,56,Male,High School,14,100703,161629,60926,60.500680218067
Project Manager,59,Male,Master,4,90722,157929,67207,74.08015696302992
Software Engineer,47,Male,PhD,24,214319,597665,383346,178.86701599018286
DevOps Engineer,53,Female,Bachelor,25,164525,313213,148688,90.37410727852911
Software Engineer,59,Male,Master,36,183280,438690,255410,139.35508511567002
DevOps Engineer,48,Other,High School,1,94913,169174,74261,78.24112608388735
DevOps Engineer,25,Male,PhD,1,179416,482342,302926,168.84001426851563
Project Manager,22,Other,Bachelor,0,93066,158970,65904,70.81426084714074
Business Analyst,46,Other,PhD,21,136012,245305,109293,80.35540981678088
Data Scientist,65,Male,High School,29,120983,209663,88680,73.29955448286123
Consultant,36,Other,High School,14,104480,171814,67334,64.44678407350689
DevOps Engineer,54,Other,High School,12,105006,181975,76969,73.29962097403958
Business Analyst,45,Male,PhD,7,122805,221486,98681,80.35584870322869
Consultant,47,Male,High School,23,106673,175421,68748,64.4474234342336
Consultant,36,Male,PhD,12,152572,332454,179882,117.89974569383634
Software Engineer,41,Female,High School,11,122963,237403,114440,93.06864666607028
Product Manager,63,Other,Master,3,123855,253139,129284,104.38335149973759
Data Scientist,34,Female,High School,5,95546,170302,74756,78.240847340548
DevOps Engineer,65,Male,High School,39,132362,229382,97020,73.29898309182393
Project Manager,65,Other,High School,17,84719,125857,41138,48.558174671561275
Consultant,29,Female,High School,6,95007,163985,68978,72.60307135263717
Product Manager,62,Male,Master,19,166665,340636,173971,104.38364383643837
Project Manager,29,Male,High School,4,82489,130264,47775,57.91681315084436
Product Manager,26,Male,High School,3,98542,177768,79226,80.39820584116417
Designer,40,Female,Bachelor,12,103547,153274,49727,48.02360280838653
Software Engineer,32,Male,Bachelor,3,132755,286608,153853,115.89243343000264
Business Analyst,45,Female,PhD,19,131258,236731,105473,80.35548309436376
Project Manager,43,Other,Bachelor,4,92562,150773,58211,62.888658412739574
Software Engineer,57,Male,PhD,1,155124,411963,256839,165.57012454552486
Data Engineer,62,Male,Master,40,206524,469103,262579,127.14212391780133
Consultant,22,Female,Bachelor,0,100178,189821,89643,89.48371898021522
Product Manager,44,Male,High School,10,104787,179415,74628,71.21875805204844
Consultant,28,Male,High School,3,103158,178054,74896,72.60319122123344
Software Engineer,25,Other,PhD,1,187046,574742,387696,207.27307721095346
Software Engineer,24,Male,Bachelor,0,130651,303669,173018,132.4276124943552
Product Manager,34,Male,High School,4,101161,173207,72046,71.21914571821156
Software Engineer,44,Male,Bachelor,4,127564,275401,147837,115.89241478787118
Designer,32,Male,Master,3,109377,174798,65421,59.81239200197482
Software Engineer,56,Other,Bachelor,21,170006,353660,183654,108.0279519546369
Software Engineer,51,Other,Master,0,135978,325470,189492,139.35489564488373
DevOps Engineer,23,Female,High School,1,111329,209864,98535,88.50793593762631
Software Engineer,58,Other,Master,28,195626,468241,272615,139.35519818429043
Data Scientist,42,Male,High School,1,102786,183207,80421,78.24120016344638
Data Engineer,63,Male,Master,11,166927,379162,212235,127.14240356563049
Business Analyst,58,Female,Master,19,118062,194704,76642,64.91673866273653
Data Scientist,46,Female,PhD,9,171956,424204,252248,146.6933401567843
Data Engineer,54,Other,Master,16,170153,386489,216336,127.1420427497605
DevOps Engineer,24,Female,High School,1,104067,196175,92108,88.50836480344394
Business Analyst,28,Other,Bachelor,2,78421,127132,48711,62.114739674321925
Data Scientist,41,Other,PhD,18,201497,497079,295582,146.6930028734919
Designer,65,Male,High School,37,97759,134343,36584,37.42264139363128
Project Manager,52,Male,High School,12,76556,113730,37174,48.55791838654057
Product Manager,26,Female,PhD,2,169140,425041,255901,151.2953766110914
Project Manager,65,Female,High School,2,70464,104680,34216,48.55812897366031
Data Scientist,42,Male,Bachelor,10,124698,245299,120601,96.71446214053152
Data Scientist,50,Male,Bachelor,6,123719,243373,119654,96.71432843783089
Data Scientist,45,Male,Bachelor,12,133906,263413,129507,96.71485967768434
Data Engineer,41,Male,Bachelor,5,134674,277567,142893,106.10288548643392
Data Engineer,57,Other,High School,16,129696,233501,103805,80.03716382926227
Business Analyst,59,Male,PhD,10,116984,205023,88039,75.25730014360938
Software Engineer,30,Male,PhD,2,180714,503952,323238,178.867160264285
Product Manager,31,Male,Master,6,143780,304709,160929,111.92724996522465
Project Manager,42,Other,PhD,20,138278,265724,127446,92.16650515627937
Data Scientist,62,Other,PhD,28,205073,484481,279408,136.24806776123623
Product Manager,60,Female,Master,10,152240,311154,158914,104.38386757750919
Project Manager,33,Female,PhD,8,121188,232883,111695,92.16671617651913
DevOps Engineer,42,Male,High School,4,95799,170753,74954,78.24090021816512
Data Engineer,53,Other,Master,16,170944,388286,217342,127.14222201422689
Data Scientist,41,Male,High School,6,103504,184487,80983,78.24142062142526
Business Analyst,44,Male,High School,16,89127,129726,40599,45.55185297384631
Data Engineer,35,Female,Bachelor,6,130931,269852,138921,106.10245090925754
Consultant,36,Other,PhD,2,144406,314660,170254,117.89953326039084
Designer,30,Male,Master,4,101111,161588,60477,59.812483310421214
Product Manager,34,Female,Master,1,138210,292905,154695,111.92750162795745
DevOps Engineer,27,Female,High School,5,125194,236001,110807,88.5082352189402
Project Manager,56,Male,High School,5,73459,109129,35670,48.557698852421076
Designer,63,Male,PhD,17,149892,247198,97306,64.91740719985056
Project Manager,35,Male,High School,9,82798,125539,42741,51.62081209691055
DevOps Engineer,60,Female,Master,6,152046,327648,175602,115.49267984688845
Data Engineer,41,Female,Bachelor,16,167750,345738,177988,106.10312965722801
Consultant,47,Male,PhD,18,191427,417119,225692,117.89977380411332
Consultant,24,Other,High School,2,86671,149597,62926,72.60329291227747
Business Analyst,35,Other,PhD,11,117526,211965,94439,80.35583615540392
Product Manager,22,Other,PhD,0,155679,391214,235535,151.29529352064185
Project Manager,56,Male,Master,30,142501,248066,105565,74.08018189346039
Data Engineer,41,Other,Master,2,153237,362767,209530,136.7359058190907
Designer,65,Male,Bachelor,14,100770,146320,45550,45.201945023320434
Product Manager,23,Other,High School,0,97665,176186,78521,80.39830031229201
Data Engineer,60,Male,PhD,35,238460,597398,358938,150.5233582152143
Consultant,41,Male,Master,14,142256,285113,142857,100.4224777865257
Data Scientist,22,Female,PhD,0,181947,489146,307199,168.83982698258285
Software Engineer,46,Other,PhD,6,190934,532452,341518,178.86704306200048
Designer,60,Other,Master,34,130956,204541,73585,56.19062891352821
Consultant,41,Female,Master,8,127409,255357,127948,100.42304703749343
DevOps Engineer,51,Male,Bachelor,16,143801,273760,129959,90.37419767595497
Software Engineer,51,Female,High School,18,140175,262141,121966,87.00980916711254
Data Scientist,65,Male,High School,11,114929,199171,84242,73.29916731199262
Project Manager,22,Female,Master,0,98578,186789,88211,89.48345472620666
DevOps Engineer,51,Other,High School,27,138066,239267,101201,73.2990019266148
Designer,46,Male,Bachelor,9,108734,160952,52218,48.02361726782791
Software Engineer,27,Male,High School,5,122558,252126,129568,105.71974085738998
Business Analyst,23,Male,PhD,1,108487,207161,98674,90.95467659719598
Business Analyst,40,Male,Master,8,100223,169579,69356,69.20168025303573
Business Analyst,32,Male,Bachelor,1,69803,108401,38598,55.29561766686245
Data Engineer,36,Female,High School,2,106216,197054,90838,85.52195526097763
DevOps Engineer,31,Other,Master,0,127396,285396,158000,124.0227322678891
Consultant,54,Other,High School,10,97932,157181,59249,60.50014295633706
Software Engineer,37,Male,Bachelor,6,147807,319104,171297,115.89234609998174
Software Engineer,27,Male,Bachelor,3,142629,331510,188881,132.42818781594207
Consultant,41,Male,PhD,3,123270,268605,145335,117.89973229496226
Business Analyst,51,Male,Bachelor,10,92298,140279,47981,51.98487507854992
Project Manager,34,Male,High School,9,78179,118536,40357,51.62127937169828
Project Manager,56,Female,PhD,31,164898,307002,142104,86.17690936215115
Data Scientist,65,Female,Bachelor,16,149488,284586,135098,90.37380926897143
Data Scientist,27,Female,PhD,0,156749,421404,264655,168.8399925996338
Business Analyst,48,Female,High School,8,71394,103915,32521,45.551446900299744
DevOps Engineer,44,Other,Master,21,201964,452446,250482,124.02309322453506
Data Engineer,24,Other,Bachelor,1,126709,279953,153244,120.94168527886733
Business Analyst,56,Other,Bachelor,17,88339,134262,45923,51.984967002116846
Business Analyst,28,Male,Master,6,106244,189192,82948,78.07311471706637
Designer,39,Female,High School,3,79948,111689,31741,39.7020563366188
Business Analyst,54,Male,High School,19,91889,131303,39414,42.89305575204867
Data Engineer,28,Male,Bachelor,1,134141,296374,162233,120.94214296896548
Data Scientist,33,Male,Master,5,136543,305887,169344,124.02246911229429
Data Engineer,58,Female,High School,31,139692,251497,111805,80.03679523523179
Data Engineer,50,Female,PhD,18,203500,533855,330355,162.33660933660934
Software Engineer,63,Other,High School,11,117864,220417,102553,87.00960428968982
Product Manager,54,Male,Master,25,169841,347128,177287,104.38410042333712
Consultant,47,Other,High School,20,122190,200938,78748,64.4471724363696
Business Analyst,63,Male,PhD,31,145341,254720,109379,75.25680984718696
Project Manager,36,Other,High School,9,75909,115094,39185,51.62101990541306
Consultant,37,Other,High School,11,100978,166055,65077,64.44671116480818
Consultant,34,Male,Master,7,138689,277964,139275,100.42252810244503
Consultant,40,Male,Bachelor,6,116061,207847,91786,79.08427464867613
Product Manager,50,Male,PhD,19,205096,475606,270510,131.89433241018838
Designer,54,Male,PhD,15,133124,219544,86420,64.91691956371504
Product Manager,53,Male,High School,31,120091,200299,80208,66.7893514085152
Consultant,48,Female,Master,11,138025,276634,138609,100.42311175511682
Data Scientist,29,Other,PhD,2,154416,415132,260716,168.8400165785929
Business Analyst,42,Male,Bachelor,14,89623,139181,49558,55.296073552547895
Software Engineer,41,Male,High School,0,95393,184174,88781,93.06867380206096
Data Scientist,39,Other,Bachelor,16,146758,288695,141937,96.71500020441816
Consultant,51,Male,Bachelor,12,113762,198037,84275,74.08009704470737
Software Engineer,22,Male,Master,0,152642,416537,263895,172.8849202709608
Consultant,58,Male,High School,22,114327,183495,69168,60.50014432286337
Business Analyst,26,Male,PhD,3,120120,229375,109255,90.95487845487845
Designer,51,Other,High School,25,104011,142934,38923,37.422003441943644
Consultant,39,Male,High School,12,108603,178594,69991,64.44665432814931
Project Manager,65,Male,Bachelor,12,95598,152050,56452,59.05144459089102
Software Engineer,30,Male,High School,2,105061,202840,97779,93.06878860852267
Software Engineer,56,Female,Bachelor,19,167596,348647,181051,108.02823456407073
DevOps Engineer,43,Other,PhD,0,137433,339038,201605,146.69329782512207
Data Engineer,39,Other,Master,16,194799,461160,266361,136.73632821523725
Project Manager,59,Other,Bachelor,2,76971,122424,45453,59.05211053513661
DevOps Engineer,60,Other,Bachelor,25,145759,277487,131728,90.37383626396998
Software Engineer,30,Male,Master,4,147156,368030,220874,150.09513713338225
Product Manager,64,Other,High School,19,122207,203828,81621,66.78913646517793
Designer,32,Other,High School,1,73259,102344,29085,39.70160662853711
Software Engineer,22,Other,PhD,0,163280,501715,338435,207.27278294953453
Product Manager,34,Other,High School,10,115670,198049,82379,71.21898504365869
Data Engineer,34,Other,High School,9,121586,225568,103982,85.52135936703239
